"5700165152",1,98.0,"Nature Photonics"
"23571",1,65.02127659574468,"Science (New York, N.Y.)"
"18100156701",1,51.61538461538461,"Nature Chemistry"
"17854",1,49.73076923076923,"Nature Materials"
"23340",1,41.8125,"Chemical Reviews"
"5200152704",1,41.5,"Nature Nanotechnology"
"29229",1,30.666666666666668,"Physics Reports"
"17500155114",1,27.331658291457288,"Energy and Environmental Science"
"21206",1,24.074074074074073,"Nature"
"22680",1,23.587912087912088,"Journal of the American Chemical Society"
"19881",1,23.092436974789916,"Advanced materials (Deerfield Beach, Fla.)"
"4000151822",1,23.0,"Nature Physics"
"19700182758",1,18.655629139072847,"Nature communications"
"24769",1,17.066666666666666,"Materials Today"
"19600166212",1,16.670103092783506,"Journal of Physical Chemistry Letters"
"22687",1,13.418367346938776,"Angewandte Chemie - International Edition"
"21100403931",1,13.266666666666667,"Materials Horizons"
"17853",1,11.527173913043478,"Nano Letters"
"29719",1,10.8,"Reviews of Modern Physics"
"22657",1,10.689655172413794,"Accounts of chemical research"
"11500153511",1,10.625766871165645,"ACS Nano"
"29220",1,10.5,"Experimental Thermal and Fluid Science"
"21100310046",1,10.303030303030303,"APL Materials"
"21100199127",1,10.249211356466876,"Advanced Energy Materials"
"12878",1,10.168604651162791,"Chemistry of Materials"
"23350",1,8.928571428571429,"Chemical Society Reviews"
"22781",1,8.794117647058824,"Chemical Communications"
"25143",1,8.438502673796792,"Advanced Functional Materials"
"19700182729",1,8.0,"Journal of Thermal Science and Engineering Applications"
"21100327726",1,8.0,"Applied Physics Reviews"
"18991",1,7.5,"Nature Reviews Genetics"
"21100431535",1,7.333333333333333,"Physical Review Applied"
"19600162011",1,7.305555555555555,"Science China Chemistry"
"3200147828",1,7.264705882352941,"Small"
"21100209317",1,7.142857142857143,"ACS Macro Letters"
"21100232403",1,7.046740467404674,"Journal of Materials Chemistry A"
"15370",1,7.0,"Journal of Abnormal Psychology"
"21100197947",1,6.833333333333333,"Nano Energy"
"27540",1,6.708333333333333,"Progress in Photovoltaics: Research and Applications"
"19700200838",1,6.6,"Chemical Science"
"21100261937",1,6.4,"MRS Communications"
"17437",1,6.333333333333333,"Nature Reviews Neuroscience"
"21100806003",1,6.0,"Engineering Science and Technology, an International Journal"
"12286",1,6.0,"Surface Science Reports"
"4700152457",1,6.0,"Nano Today"
"19700186746",1,6.0,"ACS Combinatorial Science"
"21100779404",1,5.915492957746479,"Macromolecules"
"24212",1,5.761904761904762,"Proceedings of the IEEE Computer Society Conference on Computer  Vision and Pattern Recognition"
"26055",1,5.659574468085107,"IEEE Transactions on Power Electronics"
"17899",1,5.4,"Progress in Materials Science"
"23418",1,5.323529411764706,"Chemistry Letters"
"10400153302",1,5.305555555555555,"Physica Status Solidi - Rapid Research Letters"
"17814",1,5.25,"Materials Science and Engineering R: Reports"
"21100278313",1,5.2,"Light: Science and Applications"
"21100201772",1,5.125,"Physical Review X"
"26396",1,5.0,"Organic Letters"
"21100372437",1,5.0,"IEEE Transactions on Network Science and Engineering"
"18909",1,5.0,"SPE Reservoir Evaluation and Engineering"
"21100368207",1,4.96,"ACS Photonics"
"19700171101",1,4.956140350877193,"ACS Applied Materials and Interfaces"
"5200153123",1,4.72007722007722,"Journal of Physical Chemistry C"
"19700173215",1,4.672661870503597,"Nanoscale"
"26555",1,4.666666666666667,"Annual Review of Physical Chemistry"
"17500155020",1,4.666666666666667,"Nano Research"
"13761",1,4.666666666666667,"International Journal of Thermal Sciences"
"27130",1,4.5,"Progress in Quantum Electronics"
"21100405003",1,4.5,"Science Bulletin"
"12370",1,4.5,"Journal of Computer and System Sciences"
"21221",1,4.357142857142857,"MRS Bulletin"
"21100407174",1,4.333333333333333,"Photonics Research"
"21100395701",1,4.318181818181818,"Journal of Complex Networks"
"21100255548",1,4.285714285714286,"Advanced Optical Materials"
"26005",1,4.283185840707965,"IEEE Electron Device Letters"
"14456",1,4.25,"Polymer International"
"21100200805",1,4.218274111675127,"Scientific reports"
"21100197181",1,4.2,"NPG Asia Materials"
"19700182678",1,4.1891891891891895,"Polymer Chemistry"
"27567",1,4.175925925925926,"Renewable and Sustainable Energy Reviews"
"18990",1,4.166666666666667,"Nature Genetics"
"19900193578",1,4.1120448179271705,"IEEE Journal of Photovoltaics"
"21100423919",1,4.0606060606060606,"Energy Technology"
"5800207378",1,4.0,"International Journal of Exergy"
"21100320405",1,4.0,"Journal of Agricultural Engineering"
"16855",1,4.0,"Biochemical Society Transactions"
"21100399731",1,4.0,"Metals"
"12289",1,4.0,"Optica Applicata"
"19200156954",1,4.0,"Metrology and Measurement Systems"
"18063",1,3.9808219178082194,"Journal of Power Sources"
"25853",1,3.9166666666666665,"European Journal of Organic Chemistry"
"27011",1,3.8262295081967213,"Physical Chemistry Chemical Physics"
"21100825187",1,3.75,"ChemNanoMat"
"17956",1,3.75,"Briefings in bioinformatics"
"13332",1,3.734446130500759,"Solar Energy Materials and Solar Cells"
"21100403124",1,3.7333333333333334,"Advanced Materials Interfaces"
"21100778827",1,3.7142857142857144,"Nature Methods"
"29295",1,3.6666666666666665,"Journal of Transport Geography"
"20315",1,3.6666666666666665,"Nature Reviews Molecular Cell Biology"
"21100470165",1,3.55,"Advanced Science"
"22806",1,3.5,"Chemical Record"
"19700188321",1,3.5,"Database : the journal of biological databases and curation"
"27030",1,3.419804741980474,"Applied Physics Letters"
"21100409368",1,3.4,"National Science Review"
"12725",1,3.3333333333333335,"Journal of Coatings Technology Research"
"21100229207",1,3.3141361256544504,"Journal of Materials Chemistry C"
"17915",1,3.2666666666666666,"Proceedings of the IEEE"
"27542",1,3.230769230769231,"European Physical Journal B"
"23470",1,3.2222222222222223,"Coordination Chemistry Reviews"
"25823",1,3.2222222222222223,"Complexity"
"21100338350",1,3.2,"IEEE Internet of Things Journal"
"26898",1,3.1818181818181817,"Faraday Discussions"
"9500153949",1,3.1818181818181817,"Dalton transactions (Cambridge, England : 2003)"
"29887",1,3.1666666666666665,"Solid State Ionics"
"21100407195",1,3.1666666666666665,"Optica"
"26588",1,3.1594202898550723,"ChemPhysChem"
"23502",1,3.1538461538461537,"Dyes and Pigments"
"26052",1,3.1512605042016806,"IEEE Transactions on Electron Devices"
"12000154478",1,3.13768115942029,"ChemSusChem"
"28801",1,3.1122448979591835,"Applied Energy"
"24909",1,3.090909090909091,"Automatica"
"18663",1,3.0078125,"Organic Electronics: physics, materials, applications"
"11200153565",1,3.0,"Pigment Cell and Melanoma Research"
"19700174607",1,3.0,"Journal of Computational Science"
"21100228569",1,3.0,"SpringerPlus"
"25896",1,3.0,"Journal of Organic Chemistry"
"21100248891",1,3.0,"ACS Sustainable Chemistry and Engineering"
"26621",1,3.0,"Journal of Electronic Packaging, Transactions of the ASME"
"26672",1,3.0,"International Journal of Ambient Energy"
"26465",1,3.0,"Progress in Polymer Science (Oxford)"
"4400151608",1,3.0,"ChemMedChem"
"27301",1,3.0,"Materials Technology"
"21100358105",1,3.0,"IEEE Transactions on Control of Network Systems"
"27524",1,3.0,"International Journal of Coal Geology"
"19700176402",1,3.0,"Cold Spring Harbor perspectives in biology"
"21100829268",1,3.0,"Applied Sciences (Switzerland)"
"19880",1,3.0,"Advanced Composite Materials"
"24859",1,3.0,"Journal of Dermatological Science"
"29150",1,2.966666666666667,"Physical review letters"
"24804",1,2.857142857142857,"Neural Networks"
"700147302",1,2.85,"IEEE International Reliability Physics Symposium Proceedings"
"24069",1,2.8461538461538463,"Green Chemistry"
"21100399828",1,2.787878787878788,"ChemElectroChem"
"27959",1,2.75,"Journal of the Franklin Institute"
"29372",1,2.734042553191489,"Energy Conversion and Management"
"100147018",1,2.717948717948718,"Proceedings of the International Symposium on Power Semiconductor Devices and ICs"
"23392",1,2.7142857142857144,"Chemistry (Weinheim an der Bergstrasse, Germany)"
"13300154702",1,2.7022900763358777,"Applied Physics Express"
"24174",1,2.6666666666666665,"Journal of Cluster Science"
"17013",1,2.6666666666666665,"Journal of Petroleum Science and Engineering"
"14286",1,2.6666666666666665,"Proteomics"
"13333",1,2.662686567164179,"Solar Energy"
"25854",1,2.6363636363636362,"European Polymer Journal"
"21100829272",1,2.6,"Electronics (Switzerland)"
"21100235616",1,2.595744680851064,"IEEE Transactions on Neural Networks and Learning Systems"
"29348",1,2.591549295774648,"Energy"
"18555",1,2.5833333333333335,"Journal of Cell Biology"
"15300154827",1,2.5714285714285716,"SPE Journal"
"17436",1,2.5555555555555554,"Nature Neuroscience"
"25181",1,2.5308056872037916,"Electrochimica Acta"
"4800156201",1,2.52,"Chemistry - An Asian Journal"
"15443",1,2.5,"Metrologia"
"24705",1,2.5,"Liquid Crystals"
"21100262580",1,2.5,"Case Studies in Thermal Engineering"
"11300153721",1,2.5,"Science signaling"
"13886",1,2.5,"Advanced Engineering Materials"
"20968",1,2.5,"Journal of Heat Transfer"
"17918",1,2.5,"Science and Technology of Advanced Materials"
"14599",1,2.5,"Ecology letters"
"17361",1,2.4761904761904763,"IEEE Transactions on Industry Applications"
"26968",1,2.4444444444444446,"Journal of Photochemistry and Photobiology C: Photochemistry Reviews"
"24807",1,2.4242424242424243,"Neurocomputing"
"12862",1,2.4210526315789473,"Optics Express"
"21100462814",1,2.4,"31st International Conference on Machine Learning, ICML 2014"
"21100389511",1,2.4,"Energy Reports"
"21971",1,2.4,"Topics in Catalysis"
"25170",1,2.36,"Applied Mathematics and Computation"
"27569",1,2.3394495412844036,"Renewable Energy"
"22266",1,2.3333333333333335,"Human molecular genetics"
"13609",1,2.3333333333333335,"Korean Journal of Chemical Engineering"
"24154",1,2.3333333333333335,"Journal of Analytical and Applied Pyrolysis"
"1100147106",1,2.3333333333333335,"Proceedings of the ACM Great Lakes Symposium on VLSI, GLSVLSI"
"17892",1,2.3333333333333335,"Ecology and Society"
"4400151742",1,2.3333333333333335,"Beilstein Journal of Organic Chemistry"
"17700156760",1,2.3333333333333335,"Advances in Materials Science and Engineering"
"54222",1,2.3333333333333335,"Polymers"
"16322",1,2.3333333333333335,"Desalination"
"29642",1,2.3333333333333335,"Pramana - Journal of Physics"
"26404",1,2.3333333333333335,"SIAM Journal on Applied Mathematics"
"21100358106",1,2.3333333333333335,"IEEE Power Electronics Magazine"
"24738",1,2.3333333333333335,"Lab on a Chip - Miniaturisation for Chemistry and Biology"
"25264",1,2.3333333333333335,"Inorganic Chemistry"
"18434",1,2.2777777777777777,"Cell"
"29403",1,2.272727272727273,"Energy Policy"
"17366",1,2.2708333333333335,"IEEE Transactions on Microwave Theory and Techniques"
"26049",1,2.25,"IEEE Transactions on Device and Materials Reliability"
"23916",1,2.25,"Environmental pollution (Barking, Essex : 1987)"
"25939",1,2.235294117647059,"Macromolecular rapid communications"
"24530",1,2.2291666666666665,"Spectrochimica Acta - Part A: Molecular and Biomolecular Spectroscopy"
"23669",1,2.227272727272727,"Advances in Neural Information Processing Systems"
"5700165208",1,2.2,"Journal of Physics A: Mathematical and Theoretical"
"17337",1,2.2,"IEEE Transactions on Antennas and Propagation"
"29464",1,2.2,"Physics Letters, Section A: General, Atomic and Solid State Physics"
"7600153104",1,2.2,"IET Optoelectronics"
"12302",1,2.1666666666666665,"JOM"
"17971",1,2.1666666666666665,"IEEE/ACM transactions on computational biology and bioinformatics"
"21100199840",1,2.1514041514041513,"RSC Advances"
"18606",1,2.142857142857143,"Molecular Cell"
"26969",1,2.1333333333333333,"Journal of Physical Chemistry A"
"21576",1,2.1041666666666665,"Nonlinear Dynamics"
"21121",1,2.1030927835051547,"Proceedings of the National Academy of Sciences of the United States of America"
"25901",1,2.096774193548387,"Journal of Polymer Science, Part A: Polymer Chemistry"
"18902",1,2.09375,"IEEE Journal on Selected Areas in Communications"
"13602",1,2.0833333333333335,"Philosophical transactions of the Royal Society of London. Series B, Biological sciences"
"26586",1,2.0833333333333335,"Chemical Physics Letters"
"24672",1,2.078125,"Crystal Growth and Design"
"24703",1,2.0643564356435644,"Journal of Crystal Growth"
"28583",1,2.0476190476190474,"Acta Materialia"
"18931",1,2.0344827586206895,"IEEE Transactions on Communications"
"17259",1,2.0,"IEEE Geoscience and Remote Sensing Letters"
"24674",1,2.0,"Oikos"
"6100153023",1,2.0,"IET Microwaves, Antennas and Propagation"
"4700152467",1,2.0,"Shenzhen Daxue Xuebao (Ligong Ban)/Journal of Shenzhen University Science and Engineering"
"19380",1,2.0,"Seizure"
"16396",1,2.0,"Chemical Engineering and Technology"
"26388",1,2.0,"Organic and Biomolecular Chemistry"
"20649",1,2.0,"Annals of Allergy, Asthma and Immunology"
"13191",1,2.0,"Journal of Computational Physics"
"21122",1,2.0,"Ironmaking and Steelmaking"
"21100330731",1,2.0,"Internet Mathematics"
"26953",1,2.0,"Journal of Membrane Science"
"21100228564",1,2.0,"Frontiers of Optoelectronics"
"2900147401",1,2.0,"Proceedings - IEEE International Symposium on Distributed Simulation and Real-Time Applications, DS-RT"
"19700180520",1,2.0,"Journal of Mazandaran University of Medical Sciences"
"27239",1,2.0,"IEEE Network"
"16352",1,2.0,"International Journal of Rock Mechanics and Mining Sciences"
"20289",1,2.0,"Ecological Complexity"
"19700188417",1,2.0,"Annual Review of Condensed Matter Physics"
"21100228041",1,2.0,"International Journal of Energy and Environmental Engineering"
"19600161901",1,2.0,"Science China Earth Sciences"
"145625",1,2.0,"Ionics"
"19627",1,2.0,"Advances in Water Resources"
"20909",1,2.0,"Transportation Research Part E: Logistics and Transportation Review"
"18964",1,2.0,"Molecular genetics and genomics : MGG"
"19700174653",1,2.0,"Mobile Information Systems"
"21100244214",1,2.0,"Journal of Control, Automation and Electrical Systems"
"21100824912",1,2.0,"ACS Central Science"
"21100206268",1,2.0,"Journal of Photonics for Energy"
"26987",1,2.0,"Langmuir"
"29709",1,2.0,"Reports on Progress in Physics"
"21100203115",1,2.0,"Nano-Micro Letters"
"22401",1,2.0,"Journal of the American College of Cardiology"
"110527",1,2.0,"Proceedings of the Annual ACM-SIAM Symposium on Discrete Algorithms"
"4400151515",1,2.0,"Molecular Pain"
"21100198432",1,2.0,"International Journal of Biomathematics"
"21100372856",1,2.0,"Data in Brief"
"4800152404",1,2.0,"Dianli Zidonghua Shebei / Electric Power Automation Equipment"
"21055",1,2.0,"Materials Science- Poland"
"17339",1,2.0,"IEEE Transactions on Automatic Control"
"17600155126",1,2.0,"Energy for Sustainable Development"
"20205",1,2.0,"Trends in Molecular Medicine"
"29511",1,2.0,"Radiation Effects and Defects in Solids"
"26425",1,2.0,"SIAM Journal on Scientific Computing"
"21100197335",1,2.0,"IEEE Workshop on Local and Metropolitan Area Networks"
"26200",1,2.0,"Canadian Journal of Electrical and Computer Engineering"
"21100420314",1,2.0,"Energy Storage Materials"
"6100153106",1,2.0,"IET Signal Processing"
"25915",1,2.0,"Journal of Polymer Science, Part B: Polymer Physics"
"79877",1,2.0,"SPE - DOE Improved Oil Recovery Symposium Proceedings"
"12604",1,2.0,"The American naturalist"
"130075",1,2.0,"Plasma Processes and Polymers"
"17249",1,2.0,"IEEE Communications Magazine"
"21100255493",1,2.0,"Journal of Environmental Chemical Engineering"
"25938",1,2.0,"Macromolecular Materials and Engineering"
"21100446963",1,2.0,"Materials for Renewable and Sustainable Energy"
"130039",1,1.9673913043478262,"CrystEngComm"
"25807",1,1.9642857142857142,"Communications in Nonlinear Science and Numerical Simulation"
"26512",1,1.962962962962963,"Tetrahedron"
"31003",1,1.9577464788732395,"Conference Proceedings - IEEE Applied Power Electronics Conference and Exposition - APEC"
"21100244836",1,1.95,"Journal of Energy Chemistry"
"11000153733",1,1.9444444444444444,"IEEE Transactions on Circuits and Systems I: Regular Papers"
"25256",1,1.9166666666666667,"European Journal of Inorganic Chemistry"
"27551",1,1.9090909090909092,"Europhysics Letters"
"12863",1,1.878787878787879,"Optics Letters"
"28132",1,1.860411899313501,"Journal of Applied Physics"
"18375",1,1.8514851485148516,"Synthetic Metals"
"110040",1,1.8431372549019607,"Nanotechnology"
"5800179580",1,1.8214285714285714,"Physica Status Solidi (A) Applications and Materials Science"
"21100240500",1,1.8181818181818181,"Catalysis Science and Technology"
"4800152303",1,1.8148148148148149,"Acta Chimica Sinica"
"29140",1,1.8088235294117647,"Physica Status Solidi (B) Basic Research"
"51150",1,1.8,"Opto-electronics Review"
"24242",1,1.8,"IEEE Transactions on Fuzzy Systems"
"24806",1,1.8,"Neural Processing Letters"
"12284",1,1.8,"Surface Science"
"29115",1,1.798913043478261,"Physica A: Statistical Mechanics and its Applications"
"26053",1,1.7777777777777777,"IEEE Transactions on Industrial Electronics"
"25332",1,1.7777777777777777,"Chinese Journal of Inorganic Chemistry"
"13688",1,1.7727272727272727,"Applied Thermal Engineering"
"24824",1,1.7704918032786885,"New Journal of Chemistry"
"12325",1,1.7627906976744185,"Journal of Alloys and Compounds"
"18144",1,1.75,"Computer-Aided Civil and Infrastructure Engineering"
"9500153930",1,1.75,"IEEE Transactions on Circuits and Systems II: Express Briefs"
"130111",1,1.75,"Clean Technologies and Environmental Policy"
"23038",1,1.75,"ACM Computing Surveys"
"28136",1,1.75,"Journal of Computational and Theoretical Nanoscience"
"27962",1,1.75,"Geophysical Research Letters"
"24783",0,1.75,"ETRI Journal"
"21972",0,1.75,"Topics in current chemistry"
"12389",0,1.75,"Turkish Journal of Physics"
"21000196008",0,1.7333333333333334,"Computational and Theoretical Chemistry"
"16313",0,1.7222222222222223,"Fuel"
"62932",0,1.71875,"Energies"
"29148",0,1.7153846153846153,"Physical review. E, Statistical, nonlinear, and soft matter physics"
"28547",0,1.7142857142857142,"Journal of Non-Crystalline Solids"
"29359",0,1.7105263157894737,"Energy and Buildings"
"17978",0,1.7,"Neuron"
"12330",0,1.7,"Journal of Materials Science and Technology"
"12121",0,1.6666666666666667,"Infrared Physics and Technology"
"30611",0,1.6666666666666667,"Proceedings of the ACM SIGMOD International Conference on Management of Data"
"20912",0,1.6666666666666667,"Environment International"
"21100403813",0,1.6666666666666667,"Organic Chemistry Frontiers"
"13687",0,1.6666666666666667,"Journal of Polymer Research"
"27206",0,1.6666666666666667,"Solid-State Electronics"
"12360",0,1.6666666666666667,"International Journal of General Systems"
"18201",0,1.6666666666666667,"International Journal of RF and Microwave Computer-Aided Engineering"
"27476",0,1.6666666666666667,"Critical Reviews in Solid State and Materials Sciences"
"19066",0,1.6666666666666667,"Trends in Cell Biology"
"18537",0,1.6666666666666667,"Journal of Fluid Mechanics"
"12430",0,1.6666666666666667,"Molecular Cancer Research"
"24407",0,1.6666666666666667,"Computing"
"29047",0,1.6415094339622642,"New Journal of Physics"
"25326",0,1.6363636363636365,"Solid State Sciences"
"28824",0,1.625,"IEEE Transactions on Energy Conversion"
"12352",0,1.6176470588235294,"Optics Communications"
"25806",0,1.6129032258064515,"Carbon"
"17280",0,1.605263157894737,"IEEE MTT-S International Microwave Symposium Digest"
"19804",0,1.6,"CIRP Annals - Manufacturing Technology"
"26514",0,1.6,"Tetrahedron Letters"
"21100304268",0,1.6,"Asian Journal of Organic Chemistry"
"12419",0,1.6,"International Journal of Systems Science"
"25827",0,1.6,"Chinese Journal of Polymer Science (English Edition)"
"19696",0,1.6,"International Journal of Project Management"
"23339",0,1.6,"Chemical Research in Chinese Universities"
"28983",0,1.588235294117647,"Applied Surface Science"
"27430",0,1.588235294117647,"Chaos (Woodbury, N.Y.)"
"26676",0,1.5862068965517242,"International Journal of Energy Research"
"27477",0,1.5802469135802468,"Current Applied Physics"
"21444",0,1.58,"Polymer (United Kingdom)"
"19900193962",0,1.5757575757575757,"AIP Advances"
"17481",0,1.5714285714285714,"FEBS letters"
"13320",0,1.5555555555555556,"Applied Solar Energy (English translation of Geliotekhnika)"
"25246",0,1.5555555555555556,"Cuihua Xuebao / Chinese Journal of Catalysis"
"76627",0,1.55,"Materials"
"18896",0,1.5333333333333334,"IEEE Communications Letters"
"27237",0,1.5294117647058822,"IEEE/ACM Transactions on Networking"
"19900191733",0,1.5294117647058822,"ChemCatChem"
"25199",0,1.5277777777777777,"Journal of Solid State Electrochemistry"
"26675",0,1.5232558139534884,"Materials Science in Semiconductor Processing"
"26022",0,1.5185185185185186,"IEEE Journal of Quantum Electronics"
"26370",0,1.5,"Molecules (Basel, Switzerland)"
"9500154104",0,1.5,"Journal of Nanophotonics"
"11400153316",0,1.5,"Tissue Engineering - Part A."
"24555",0,1.5,"Talanta"
"21100329308",0,1.5,"Journal of Vacuum Science and Technology B: Nanotechnology and Microelectronics"
"21100258747",0,1.5,"International Journal of Renewable Energy Research"
"144989",0,1.5,"International journal of environmental research and public health"
"27019",0,1.5,"Journal of Energy Resources Technology, Transactions of the ASME"
"13088",0,1.5,"International Journal of Applied Ceramic Technology"
"18174",0,1.5,"Control Engineering Practice"
"17340",0,1.5,"IEEE Transactions on Automation Science and Engineering"
"21100448300",0,1.5,"Transportation Research Procedia"
"18503",0,1.5,"Current opinion in cell biology"
"87075",0,1.5,"Proceedings of the IEEE Power Engineering Society Transmission and Distribution Conference"
"25836",0,1.5,"Current Organic Chemistry"
"15819",0,1.5,"Nature Medicine"
"20313",0,1.5,"Nature Reviews Microbiology"
"13754",0,1.5,"Process Safety and Environmental Protection"
"24931",0,1.5,"Automation in Construction"
"19853",0,1.5,"Zhongguo Dianji Gongcheng Xuebao/Proceedings of the Chinese Society of Electrical Engineering"
"21677",0,1.5,"American Journal of Human Genetics"
"20979",0,1.5,"Journal of Mechanical Design, Transactions of the ASME"
"24868",0,1.5,"Journal of Investigative Dermatology"
"15537",0,1.5,"Current biology : CB"
"4000149101",0,1.5,"Nanomedicine: Nanotechnology, Biology, and Medicine"
"19700188320",0,1.5,"ACS Catalysis"
"19700177336",0,1.5,"International Journal of Machine Learning and Cybernetics"
"16273",0,1.5,"Journal of Construction Engineering and Management"
"23450",0,1.5,"Chinese Journal of Chemistry"
"39112",0,1.5,"Geoderma"
"13550",0,1.5,"Journal of Climate"
"13041",0,1.5,"Plant, Cell and Environment"
"18000156707",0,1.5,"Security and Communication Networks"
"12347",0,1.49185667752443,"Thin Solid Films"
"28570",0,1.4778761061946903,"Journal of Physics D: Applied Physics"
"130262",0,1.4745098039215687,"Japanese Journal of Applied Physics, Part 1: Regular Papers and Short Notes and Review Papers"
"28899",0,1.4705882352941178,"Transition Metal Chemistry"
"21100274221",0,1.4705882352941178,"IEEE transactions on cybernetics"
"16398",0,1.4680851063829787,"Chemical Engineering Journal"
"18935",0,1.4545454545454546,"IEEE Wireless Communications"
"61068",0,1.4444444444444444,"Proceedings - SPE Annual Technical Conference and Exhibition"
"26950",0,1.441860465116279,"Journal of Colloid and Interface Science"
"16343",0,1.435897435897436,"Applied Catalysis B: Environmental"
"17700156736",0,1.4311377245508983,"Energy Procedia"
"19700177027",0,1.4285714285714286,"IEEE Transactions on Sustainable Energy"
"25033",0,1.4285714285714286,"IEEE Transactions on Computers"
"26717",0,1.42,"Microelectronics Reliability"
"21177",0,1.4146341463414633,"Journal of Materials Science: Materials in Electronics"
"21161",0,1.4090909090909092,"Journal of Materials Research"
"13300154705",0,1.4081632653061225,"Electronic Materials Letters"
"29805",0,1.4,"ISA Transactions"
"21100403917",0,1.4,"Inorganic Chemistry Frontiers"
"18378",0,1.4,"IEEE Transactions on Intelligent Transportation Systems"
"26444",0,1.4,"Polymer Degradation and Stability"
"23345",0,1.4,"Bulletin of the Chemical Society of Japan"
"25180",0,1.4,"Electrochemistry Communications"
"15063",0,1.4,"Composite Structures"
"5600152816",0,1.4,"European Physical Journal: Special Topics"
"28526",0,1.4,"Journal of Magnetism and Magnetic Materials"
"26991",0,1.393162393162393,"International Journal of Hydrogen Energy"
"24709",0,1.392156862745098,"Materials Research Bulletin"
"17495",0,1.3863636363636365,"NeuroImage"
"17295",0,1.3846153846153846,"IEEE Microwave and Wireless Components Letters"
"26023",0,1.375,"IEEE Journal on Selected Topics in Quantum Electronics"
"28564",0,1.375,"Journal of Physics and Chemistry of Solids"
"25941",0,1.375,"Macromolecular Research"
"26966",0,1.375,"Journal of Photochemistry and Photobiology A: Chemistry"
"15563",0,1.375,"Review of Scientific Instruments"
"21970",0,1.375,"Theoretical Chemistry Accounts"
"29784",0,1.375,"Philosophical Transactions of the Royal Society A: Mathematical, Physical and Engineering Sciences"
"21100203705",0,1.3714285714285714,"Optical Materials Express"
"14317",0,1.3636363636363635,"Brain : a journal of neurology"
"24673",0,1.3636363636363635,"Crystal Research and Technology"
"19200156944",0,1.358974358974359,"International Journal of Electrochemical Science"
"19400158619",0,1.3478260869565217,"Journal of Natural Gas Science and Engineering"
"27191",0,1.3457943925233644,"Semiconductor Science and Technology"
"27289",0,1.3333333333333333,"Materials Characterization"
"22900",0,1.3333333333333333,"Research Policy"
"19419",0,1.3333333333333333,"Computers in Human Behavior"
"26965",0,1.3333333333333333,"Journal of Molecular Liquids"
"18761",0,1.3333333333333333,"Advances in Complex Systems"
"21100463869",0,1.3333333333333333,"Advanced Electronic Materials"
"26058",0,1.3333333333333333,"IEEE Workshop on Signal Processing Systems, SiPS: Design and Implementation"
"5800179604",0,1.3333333333333333,"Algorithms for Molecular Biology"
"4700152228",0,1.3333333333333333,"Molecular systems biology"
"12000154489",0,1.3333333333333333,"International Journal of Innovative Computing, Information and Control"
"29067",0,1.3333333333333333,"Nuclear Instruments and Methods in Physics Research, Section A: Accelerators, Spectrometers, Detectors and Associated Equipment"
"5800173376",0,1.3333333333333333,"Biology direct"
"4000148205",0,1.3333333333333333,"Nature Chemical Biology"
"5300152724",0,1.3333333333333333,"IET Systems Biology"
"22088",0,1.3333333333333333,"EMBO Reports"
"20448",0,1.3333333333333333,"International Journal of Heat and Mass Transfer"
"24127",0,1.3333333333333333,"International Journal of Quantum Chemistry"
"25548",0,1.3333333333333333,"Signal Processing"
"28585",0,1.3333333333333333,"Acta Metallurgica Sinica (English Letters)"
"23913",0,1.3333333333333333,"Analytical and bioanalytical chemistry"
"27538",0,1.3333333333333333,"Progress in Energy and Combustion Science"
"21973",0,1.3333333333333333,"Transport in Porous Media"
"26697",0,1.3333333333333333,"Microelectronics International: An International Journal"
"22245",0,1.3333333333333333,"Human Genetics"
"26620",0,1.3285714285714285,"Journal of Electronic Materials"
"26098",0,1.3157894736842106,"IEEE Transactions on Parallel and Distributed Systems"
"144912",0,1.3157894736842106,"IEEE Transactions on Industrial Informatics"
"29834",0,1.3125,"Semiconductors"
"18795",0,1.3,"Water Research"
"26900",0,1.3,"Fullerenes Nanotubes and Carbon Nanostructures"
"11300153734",0,1.2857142857142858,"IEEE Systems Journal"
"5100155074",0,1.2857142857142858,"Journal of Chemical Theory and Computation"
"19700186866",0,1.2857142857142858,"IET Power Electronics"
"21100203111",0,1.2857142857142858,"IEEE Wireless Communications Letters"
"16275",0,1.2857142857142858,"AIChE Journal"
"28635",0,1.2777777777777777,"Composites Part B: Engineering"
"23015",0,1.2727272727272727,"Journal of Ethnopharmacology"
"25397",0,1.2666666666666666,"Dianli Xitong Zidonghua/Automation of Electric Power Systems"
"144926",0,1.2608695652173914,"Journal of Computational Electronics"
"17900156715",0,1.25,"IEEE Communications Surveys and Tutorials"
"110497",0,1.25,"Proceedings - Design Automation Conference"
"11300153732",0,1.25,"Nano"
"22729",0,1.25,"Journal of the Brazilian Chemical Society"
"11900154394",0,1.25,"Oriental Journal of Chemistry"
"19900192103",0,1.25,"Astrophysical Journal Letters"
"15134",0,1.25,"Information Sciences"
"21100253674",0,1.25,"Nanomaterials"
"14223",0,1.25,"Photosynthesis Research"
"21100223162",0,1.25,"Materials Express"
"16319",0,1.25,"IEEE Transactions on Nanobioscience"
"5200152801",0,1.25,"Nanoscale Research Letters"
"22156",0,1.25,"Wear"
"19700189500",0,1.25,"Journal of Optics (United Kingdom)"
"20941",0,1.25,"Ultramicroscopy"
"18780",0,1.25,"Circuits, Systems, and Signal Processing"
"16088",0,1.25,"Journal of Nanobiotechnology"
"22597",0,1.25,"Food Hydrocolloids"
"15464",0,1.25,"IEEE Transactions on Nanotechnology"
"21916",0,1.25,"Telecommunication Systems"
"12977",0,1.25,"PLoS biology"
"28697",0,1.2486486486486486,"Materials Letters"
"12313",0,1.2413793103448276,"Optical and Quantum Electronics"
"21162",0,1.2391304347826086,"Journal of Materials Science"
"21100266597",0,1.2340425531914894,"ECS Journal of Solid State Science and Technology"
"19600161818",0,1.2307692307692308,"Chemical Engineering Transactions"
"100147032",0,1.2222222222222223,"IEEE/OSA Journal of Display Technology"
"26989",0,1.2142857142857142,"Microporous and Mesoporous Materials"
"12116",0,1.2105263157894737,"IEEE Photonics Technology Letters"
"20540",0,1.2083333333333333,"Composites Part A: Applied Science and Manufacturing"
"25303",0,1.2037037037037037,"Polyhedron"
"7200153156",0,1.2,"IEEE Transactions on Network and Service Management"
"24140",0,1.2,"Artificial Intelligence in Medicine"
"12952",0,1.2,"IEEE Transactions on Systems, Man, and Cybernetics Part A:Systems and Humans"
"26533",0,1.2,"Advances in Colloid and Interface Science"
"21100201310",0,1.2,"ChemPlusChem"
"21100299401",0,1.2,"Brain connectivity"
"14129",0,1.2,"Methods"
"21959",0,1.1938775510204083,"Superlattices and Microstructures"
"4000151810",0,1.1851851851851851,"PLoS computational biology"
"12318",0,1.1794871794871795,"Optical Materials"
"12179",0,1.1777777777777778,"Journal of Luminescence"
"18204",0,1.1714285714285715,"Proceedings - IEEE INFOCOM"
"4000151606",0,1.1666666666666667,"Journal of Electrical Engineering"
"26972",0,1.1666666666666667,"Journal of Solid State Chemistry"
"19700167024",0,1.1666666666666667,"Science China Technological Sciences"
"28040",0,1.1666666666666667,"International Journal of Geographical Information Science"
"22042",0,1.1666666666666667,"Journal of the Ceramic Society of Japan"
"26589",0,1.1666666666666667,"Colloids and Surfaces A: Physicochemical and Engineering Aspects"
"17393",0,1.1578947368421053,"IEEE Transactions on Vehicular Technology"
"21522",0,1.155844155844156,"Ceramics International"
"50089",0,1.1538461538461537,"Journal of Hydrology"
"18933",0,1.1506849315068493,"IEEE Transactions on Wireless Communications"
"130080",0,1.1428571428571428,"Journal of Chemical Information and Modeling"
"28065",0,1.1428571428571428,"Applied Mathematical Modelling"
"17368",0,1.1428571428571428,"IEEE Transactions on Nuclear Science"
"28077",0,1.1428571428571428,"International Journal of Modern Physics C"
"25331",0,1.1428571428571428,"Wuji Cailiao Xuebao/Journal of Inorganic Materials"
"6400153166",0,1.1428571428571428,"Optoelectronics Letters"
"5300152204",0,1.1428571428571428,"IEICE Electronics Express"
"20982",0,1.1428571428571428,"Journal of the American Ceramic Society"
"12489",0,1.1395348837209303,"Vacuum"
"26765",0,1.1363636363636365,"Astrophysical Journal"
"13853",0,1.1333333333333333,"Reliability Engineering and System Safety"
"27027",0,1.1326530612244898,"Applied Physics A: Materials Science and Processing"
"4700152710",0,1.130718954248366,"Physica Status Solidi (C) Current Topics in Solid State Physics"
"110152",0,1.1272727272727272,"Optik"
"13681",0,1.125,"Computer Communications"
"21100313905",0,1.12,"Frontiers in Plant Science"
"5600152809",0,1.1176470588235294,"IET Renewable Power Generation"
"15424",0,1.1176470588235294,"Measurement: Journal of the International Measurement Confederation"
"13057",0,1.1153846153846154,"Industrial and Engineering Chemistry Research"
"20892",0,1.1111111111111112,"Transportation Research Part B: Methodological"
"26970",0,1.0833333333333333,"Journal of Physical Chemistry B"
"4700152486",0,1.0833333333333333,"Plasmonics"
"19908",0,1.0833333333333333,"New Phytologist"
"17812",0,1.0833333333333333,"Materials Science and Engineering B: Solid-State Materials for Advanced Technology"
"18525",0,1.0769230769230769,"Developmental cell"
"13660",0,1.0714285714285714,"Sensors and Actuators, A: Physical"
"28596",0,1.0689655172413792,"Journal of Vacuum Science and Technology A: Vacuum, Surfaces and Films"
"25937",0,1.0666666666666667,"Macromolecular Chemistry and Physics"
"15361",0,1.0625,"IEEE Transactions on Instrumentation and Measurement"
"144872",0,1.0625,"Technical Digest - IEEE Compound Semiconductor Integrated Circuit Symposium, CSIC"
"12178",0,1.0625,"Journal of Lightwave Technology"
"15995",0,1.0612244897959184,"Composites Science and Technology"
"19700176215",0,1.0588235294117647,"IEEE Photonics Journal"
"16764",0,1.0555555555555556,"The Journal of neuroscience : the official journal of the Society for Neuroscience"
"26696",0,1.054054054054054,"Microelectronic Engineering"
"24918",0,1.0512820512820513,"Electronics Letters"
"144861",0,1.0512820512820513,"Journal of Industrial and Engineering Chemistry"
"14855",0,1.05,"Cerebral cortex (New York, N.Y. : 1991)"
"24725",0,1.0454545454545454,"Bulletin of the Korean Chemical Society"
"14204",0,1.0434782608695652,"Nucleic acids research"
"25267",0,1.0416666666666667,"Inorganic Chemistry Communications"
"17300154920",0,1.037037037037037,"Journal of Semiconductors"
"16074",0,1.0,"Journal of Biomedical Materials Research - Part B Applied Biomaterials"
"23448",0,1.0,"Chinese Chemical Letters"
"19700186890",0,1.0,"Journal of Electrical Systems"
"19409",0,1.0,"Advanced Drug Delivery Reviews"
"17387",0,1.0,"IEEE Transactions on Reliability"
"12400154715",0,1.0,"Huanjing Kexue Xuebao / Acta Scientiae Circumstantiae"
"22489",0,1.0,"European Journal of Operational Research"
"12010",0,1.0,"Annual Review of Psychology"
"10600153347",0,1.0,"Brain Imaging and Behavior"
"14134",0,1.0,"Molecular and Cellular Biochemistry"
"200147116",0,1.0,"Proceedings of the IASTED International Conference on Modelling, Identification, and Control, MIC"
"24088",0,1.0,"Rapid communications in mass spectrometry : RCM"
"26971",0,1.0,"Journal of Physical Organic Chemistry"
"7500153133",0,1.0,"Laser and Photonics Reviews"
"21100216571",0,1.0,"Frontiers in Psychology"
"14240",0,1.0,"Reactive and Functional Polymers"
"17828",0,1.0,"Mechanics of Materials"
"14397",0,1.0,"Plastics, Rubber and Composites"
"23501",0,1.0,"Doklady Chemistry"
"26490",0,1.0,"Waste management (New York, N.Y.)"
"21100241789",0,1.0,"RSC Energy and Environment Series"
"20000195080",0,1.0,"International Journal of Network Security"
"4000151909",0,1.0,"International Journal of Emerging Electric Power Systems"
"18945",0,1.0,"Journal of Medical Genetics"
"16936",0,1.0,"Minerals Engineering"
"16930",0,1.0,"Mineralogical Magazine"
"12222",0,1.0,"Conference Record - Asilomar Conference on Signals, Systems and Computers"
"13261",0,1.0,"Progress in Organic Coatings"
"13260",0,1.0,"Biological research"
"79015",0,1.0,"Kongzhi yu Juece/Control and Decision"
"21100207003",0,1.0,"Theranostics"
"59007",0,1.0,"Materials Physics and Mechanics"
"21100239256",0,1.0,"PeerJ"
"22647",0,1.0,"Gondwana Research"
"23269",0,1.0,"Computers, Environment and Urban Systems"
"24775",0,1.0,"Machine Learning"
"24602",0,1.0,"Aquatic Toxicology"
"83734",0,1.0,"Xiyou Jinshu / Chinese Journal of Rare Metals"
"16342",0,1.0,"Applied Catalysis A: General"
"21100201754",0,1.0,"European Physical Journal Plus"
"36483",0,1.0,"Global Environmental Change"
"16900",0,1.0,"Biological Chemistry"
"12219",0,1.0,"International Journal of Refractory Metals and Hard Materials"
"19900192900",0,1.0,"Molecular Informatics"
"20699",0,1.0,"Current Science"
"18380",0,1.0,"Tribology Letters"
"29121",0,1.0,"Physica E: Low-Dimensional Systems and Nanostructures"
"29120",0,1.0,"Physica D: Nonlinear Phenomena"
"21100244944",0,1.0,"Electronic Proceedings in Theoretical Computer Science, EPTCS"
"13858",0,1.0,"Research in Engineering Design"
"19161",0,1.0,"Revue Roumaine des Sciences Techniques Serie Electrotechnique et Energetique"
"27010",0,1.0,"Photochemistry and photobiology"
"50054",0,1.0,"Journal of Water Resources Planning and Management"
"21100235802",0,1.0,"Cold Spring Harbor perspectives in medicine"
"19761",0,1.0,"International Journal of Systematic and Evolutionary Microbiology"
"16733",0,1.0,"IEEE Transactions on Medical Imaging"
"13517",0,1.0,"Ultrasonics Sonochemistry"
"5800207372",0,1.0,"Journal of Experimental Nanoscience"
"16829",0,1.0,"Biochimica et Biophysica Acta - General Subjects"
"19400158707",0,1.0,"Journal of Saudi Chemical Society"
"20663",0,1.0,"Current Drug Metabolism"
"14511",0,1.0,"Current topics in developmental biology"
"26946",0,1.0,"Journal of Advanced Oxidation Technologies"
"12933",0,1.0,"Cybernetics and Systems Analysis"
"20287",0,1.0,"Ecological Applications"
"21100464772",0,1.0,"Network Science"
"11300153726",0,1.0,"Intelligent Data Analysis"
"5800207366",0,1.0,"Nature Protocols"
"21100206244",0,1.0,"Open Biology"
"19167",0,1.0,"Journal of Cleaner Production"
"16211",0,1.0,"IEEE Transactions on Multimedia"
"19700186876",0,1.0,"Nanotechnologies in Russia"
"21100199795",0,1.0,"Algorithms"
"19806",0,1.0,"Chinese Journal of Mechanical Engineering (English Edition)"
"26268",0,1.0,"Rock Mechanics and Rock Engineering"
"14992",0,1.0,"Current opinion in neurobiology"
"18965",0,1.0,"Molecular phylogenetics and evolution"
"20300195058",0,1.0,"Proceedings - IEEE International Conference on Multimedia and Expo"
"26990",0,1.0,"Molecular Physics"
"21100244219",0,1.0,"Journal of Applied Optics"
"21100371216",0,1.0,"Environmental Science: Nano"
"23343",0,1.0,"Bulletin of the Chemical Society of Ethiopia"
"26450",0,1.0,"Polymer - Plastics Technology and Engineering"
"19039",0,1.0,"Statistical applications in genetics and molecular biology"
"19257",0,1.0,"Journal of Plant Physiology"
"25168",0,1.0,"Electrochemical Society Interface"
"21100286862",0,1.0,"Advances in Natural Sciences: Nanoscience and Nanotechnology"
"22745",0,1.0,"Canadian Journal of Chemistry"
"11200153524",0,1.0,"Biochimica et Biophysica Acta - Gene Regulatory Mechanisms"
"8300153129",0,1.0,"Transactions of the Korean Institute of Electrical Engineers"
"21100287117",0,1.0,"OrderedDict([(u'@xfab-added', u'true'), ('#text', u'Journal of Traditional and Complementary Medicine')])"
"21268",0,1.0,"Journal of Autoimmunity"
"19700176023",0,1.0,"Virulence"
"20931",0,1.0,"Microscopy and Microanalysis"
"12311",0,1.0,"Technical Physics Letters"
"14945",0,1.0,"Cortex"
"24790",0,1.0,"Journal of the European Academy of Dermatology and Venereology"
"19700175116",0,1.0,"Frontiers in Neuroanatomy"
"29309",0,1.0,"Critical Reviews in Oncology/Hematology"
"20185",0,1.0,"Allergy: European Journal of Allergy and Clinical Immunology"
"23357",0,1.0,"Atmospheric Environment"
"22193",0,1.0,"Genetics, selection, evolution : GSE"
"22173",0,1.0,"Genetics"
"21100197517",0,1.0,"IEEE International Conference on Industrial Engineering and Engineering Management"
"21100242814",0,1.0,"eLife"
"16411",0,1.0,"Chemical Engineering Research and Design"
"21188",0,1.0,"Journal of Sol-Gel Science and Technology"
"5300152720",0,1.0,"IET Science, Measurement and Technology"
"17957",0,1.0,"Computers in Biology and Medicine"
"83986",0,1.0,"Gaodianya Jishu/High Voltage Engineering"
"28075",0,1.0,"International Journal of Modern Physics B"
"29079",0,1.0,"Particle and Particle Systems Characterization"
"11700154398",0,1.0,"IEEE Nanotechnology Magazine"
"66854",0,1.0,"IEEE International Conference on Intelligent Robots and Systems"
"19017",0,1.0,"RNA (New York, N.Y.)"
"12523",0,1.0,"Oncogene"
"21100239402",0,1.0,"Journal of Central South University"
"19700166503",0,1.0,"Journal of Advanced Computational Intelligence and Intelligent Informatics"
"16318",0,1.0,"IEEE Transactions on Biomedical Engineering"
"19700201603",0,1.0,"Journal of Nanotechnology"
"17317",0,1.0,"Conference Proceedings - IEEE SOUTHEASTCON"
"21100246534",0,1.0,"Acta Crystallographica Section B: Structural Science, Crystal Engineering and Materials"
"5800173382",0,1.0,"ISME Journal"
"13200",0,1.0,"Applied Computational Electromagnetics Society Journal"
"12331",0,1.0,"Current topics in medicinal chemistry"
"12332",0,1.0,"Safety Science"
"27875",0,1.0,"Acta Geophysica Sinica"
"15143",0,1.0,"Regional Studies"
"9500153997",0,1.0,"Polymer Reviews"
"29886",0,1.0,"Solid State Communications"
"29859",0,1.0,"Smart Materials and Structures"
"27029",0,1.0,"Applied Physics B: Lasers and Optics"
"29663",0,1.0,"Journal of Theoretical Biology"
"17700156701",0,1.0,"Environmental Progress and Sustainable Energy"
"12464",0,1.0,"Nature Reviews Cancer"
"28918",0,1.0,"IEEE Transactions on Dependable and Secure Computing"
"5700191219",0,1.0,"IEEE Transactions on Biomedical Circuits and Systems"
"15360",0,1.0,"IEEE Instrumentation and Measurement Magazine"
"26403",0,1.0,"SIAM Journal on Applied Dynamical Systems"
"28825",0,1.0,"IEEE Transactions on Power Systems"
"50170",0,1.0,"International Journal of Mechanical Sciences"
"16146",0,1.0,"Trends in Biotechnology"
"25535",0,1.0,"IEEE Transactions on Visualization and Computer Graphics"
"17543",0,1.0,"Wireless Communications and Mobile Computing"
"17600155060",0,1.0,"Cell Adhesion and Migration"
"25220",0,1.0,"Russian Journal of Electrochemistry"
"19800188069",0,1.0,"Journal of Laser Micro Nanoengineering"
"18838",0,1.0,"Preventive Veterinary Medicine"
"21100220408",0,1.0,"Asia-Pacific Power and Energy Engineering Conference, APPEEC"
"29470",0,1.0,"Hydrological Sciences Journal"
"29055",0,1.0,"Modern Physics Letters B"
"15359",0,1.0,"Trends in Cognitive Sciences"
"19475",0,1.0,"Beijing Ligong Daxue Xuebao/Transaction of Beijing Institute of Technology"
"21100274701",0,1.0,"International Multidisciplinary Scientific GeoConference Surveying Geology and Mining Ecology Management, SGEM"
"21100823276",0,1.0,"Journal of Asian Ceramic Societies"
"145274",0,1.0,"Journal of Statistical Mechanics: Theory and Experiment"
"19671",0,1.0,"Current topics in microbiology and immunology"
"19900192159",0,1.0,"International Journal of Sensor Networks"
"17336",0,1.0,"IEEE Transactions on Aerospace and Electronic Systems"
"11000153760",0,1.0,"Computational and mathematical methods in medicine"
"24813",0,1.0,"Experimental dermatology"
"14902",0,1.0,"International Journal of Psychophysiology"
"5600153659",0,1.0,"European Journal of Social Work"
"15504",0,1.0,"Diangong Jishu Xuebao/Transactions of China Electrotechnical Society"
"18003",0,1.0,"Advanced Robotics"
"29513",0,1.0,"Radiation Physics and Chemistry"
"15980",0,1.0,"Cold Regions Science and Technology"
"26423",0,1.0,"Organometallics"
"19040",0,1.0,"Seminars in Cell and Developmental Biology"
"22315",0,1.0,"Personal and Ubiquitous Computing"
"21100365104",0,1.0,"Food Webs"
"14274",0,1.0,"Structure"
"7000153204",0,1.0,"Social cognitive and affective neuroscience"
"18300156712",0,1.0,"Advances in Condensed Matter Physics"
"19992",0,1.0,"Kidney International"
"21100239615",0,1.0,"Wiley Interdisciplinary Reviews: Energy and Environment"
"5300152227",0,1.0,"ACS Chemical Biology"
"12369",0,1.0,"Journal of Rare Earths"
"15300154801",0,1.0,"Eurasip Journal on Advances in Signal Processing"
"5900153311",0,1.0,"IEEE Journal on Selected Topics in Signal Processing"
"13903",0,1.0,"Cellular and molecular life sciences : CMLS"
"27656",0,1.0,"International Journal of Production Research"
"22230",0,1.0,"Advances in Ecological Research"
"21100316064",0,1.0,"MATEC Web of Conferences"
"5400152634",0,1.0,"Asia-Pacific Journal of Chemical Engineering"
"17467",0,1.0,"Neurobiology of Learning and Memory"
"17466",0,1.0,"Neurobiology of Disease"
"21154",0,1.0,"Journal of Electroceramics"
"13579",0,1.0,"Data Mining and Knowledge Discovery"
"130051",0,1.0,"Expert Review of Proteomics"
"24782",0,1.0,"Neural computation"
"12172",0,1.0,"Climate Dynamics"
"21100372101",0,1.0,"Nanotechnology Reviews"
"57844",0,1.0,"Journal of molecular modeling"
"20220",0,1.0,"Journal of Bacteriology"
"21100318415",0,1.0,"Computational and Structural Biotechnology Journal"
"21100394875",0,1.0,"Cell Systems"
"110111",0,1.0,"IEEE Intelligent Systems"
"4000149002",0,1.0,"IEEE Transactions on Information Forensics and Security"
"145228",0,1.0,"Proceedings - Winter Simulation Conference"
"19700177337",0,1.0,"Social Network Analysis and Mining"
"145223",0,1.0,"Proceedings - International Conference on Network Protocols, ICNP"
"120079",0,1.0,"Annual IEEE Semiconductor Thermal Measurement and Management Symposium"
"16278",0,1.0,"Journal of Energy Engineering"
"5300152202",0,1.0,"IET Communications"
"19600157901",0,1.0,"Journal of Service Management"
"17900156735",0,1.0,"Journal of Optical Communications and Networking"
"18580",0,1.0,"Microwave Journal"
"18059",0,1.0,"Neuroscientist"
"29837",0,1.0,"Sensors and Materials"
"19300157037",0,1.0,"Computer Science and Information Systems"
"5400152619",0,1.0,"IET Conference Publications"
"23985",0,1.0,"Neurobiology of Aging"
"22214",0,1.0,"Genome Research"
"21578",0,1.0,"Numerical Heat Transfer; Part A: Applications"
"22078",0,1.0,"Systems Engineering"
"22071",0,1.0,"Critical Reviews in Eukaryotic Gene Expression"
"16283",0,1.0,"Journal of Hydraulic Engineering"
"25456",0,1.0,"Proceedings - IEEE International Conference on Robotics and Automation"
"13554",0,1.0,"Journal of Applied Polymer Science"
"25780",0,1.0,"Biomacromolecules"
"17244",0,1.0,"Biological Conservation"
"21100212318",0,1.0,"Cancer Discovery"
"16867",0,1.0,"Biochemistry"
"19700201682",0,1.0,"International Journal of Smart and Nano Materials"
"26013",0,1.0,"Endocrine Development"
"21100216569",0,1.0,"Frontiers in Psychiatry"
"14388",0,1.0,"Information Processing Letters"
"18593",0,1.0,"Microbial cell factories"
"21100278106",0,1.0,"International Conference on Ubiquitous and Future Networks, ICUFN"
"29556",0,1.0,"Journal of bioinformatics and computational biology"
"20422",0,1.0,"International Communications in Heat and Mass Transfer"
"21100369777",0,1.0,"Materials Today Communications"
"19700188453",0,1.0,"Transcription"
"145581",0,0.991304347826087,"International Journal of Photoenergy"
"17800",0,0.9841269841269841,"Materials Chemistry and Physics"
"6700153291",0,0.9736842105263158,"BMC systems biology"
"29593",0,0.9615384615384616,"OrderedDict([(u'@xfab-added', u'true'), ('#text', u'Applied Optics')])"
"26916",0,0.9558823529411765,"AIP Conference Proceedings"
"18136",0,0.95,"Applied Soft Computing Journal"
"5100152904",0,0.9444444444444444,"Advances in Intelligent Systems and Computing"
"18605",0,0.9444444444444444,"Molecular biology of the cell"
"10600153309",0,0.9377162629757786,"PloS one"
"21100226442",0,0.9375,"Frontiers in Microbiology"
"16044",0,0.9375,"Electric Power Systems Research"
"25194",0,0.9285714285714286,"Journal of Applied Electrochemistry"
"21100210917",0,0.9285714285714286,"Journal of Nano- and Electronic Physics"
"4000151616",0,0.9215686274509803,"Journal of Nanomaterials"
"13715",0,0.9166666666666666,"Entropy"
"24222",0,0.9166666666666666,"Scientometrics"
"130053",0,0.9076923076923077,"Journal of Physics: Conference Series"
"17929",0,0.9047619047619048,"BMC bioinformatics"
"18408",0,0.9,"Biochimica et Biophysica Acta - Molecular Cell Research"
"19700186839",0,0.9,"Progress In Electromagnetics Research C"
"24443",0,0.9,"Construction and Building Materials"
"145653",0,0.8947368421052632,"IEEE Wireless Communications and Networking Conference, WCNC"
"24201",0,0.8918918918918919,"Expert Systems with Applications"
"23274",0,0.8888888888888888,"Ecological Modelling"
"19900191708",0,0.8888888888888888,"Oncotarget"
"19700186823",0,0.8888888888888888,"International Journal of Microwave and Wireless Technologies"
"18202",0,0.8888888888888888,"Eurasip Journal on Wireless Communications and Networking"
"4900152708",0,0.8888888888888888,"Studies in Computational Intelligence"
"17300154707",0,0.8888888888888888,"BMC medical genomics"
"15047",0,0.88,"IEEE Sensors Journal"
"20600195636",0,0.875,"European Solid-State Device Research Conference"
"12207",0,0.875,"Journal of Quantitative Spectroscopy and Radiative Transfer"
"17362",0,0.875,"IEEE Transactions on Knowledge and Data Engineering"
"20541",0,0.875,"Computational Materials Science"
"23915",0,0.875,"Analytical chemistry"
"13174",0,0.875,"BioEssays"
"25236",0,0.8727272727272727,"Sensors and Actuators, B: Chemical"
"25347",0,0.8695652173913043,"Chaos, Solitons and Fractals"
"25169",0,0.8607594936708861,"Journal of the Electrochemical Society"
"12548",0,0.859375,"Wuli Xuebao/Acta Physica Sinica"
"19700181106",0,0.8571428571428571,"Advanced Science Letters"
"23922",0,0.8571428571428571,"IEEE Vehicular Technology Conference"
"14957",0,0.8571428571428571,"Applied Microbiology and Biotechnology"
"12337",0,0.8571428571428571,"International Journal of Bifurcation and Chaos"
"21100214102",0,0.8571428571428571,"Frontiers in Pharmacology"
"24693",0,0.8571428571428571,"Journal of Applied Crystallography"
"19700175168",0,0.8571428571428571,"Frontiers in Computational Neuroscience"
"21727",0,0.8518518518518519,"BMC genomics"
"21100230018",0,0.85,"BioMed research international"
"19900191347",0,0.8444444444444444,"Science of Advanced Materials"
"14395",0,0.8333333333333334,"Xinxing Tan Cailiao/ New Carbon Materials"
"24772",0,0.8333333333333334,"Knowledge-Based Systems"
"21100222534",0,0.8333333333333334,"NeuroImage: Clinical"
"25890",0,0.8333333333333334,"Discrete Applied Mathematics"
"9500154039",0,0.8333333333333334,"Journal of Electroanalytical Chemistry"
"28700",0,0.8333333333333334,"Materials Science Forum"
"12346",0,0.8333333333333334,"Optics and Laser Technology"
"19900191993",0,0.8333333333333334,"Journal of visualized experiments : JoVE"
"16612",0,0.8333333333333334,"The Plant journal : for cell and molecular biology"
"17813",0,0.8235294117647058,"Materials Science and Engineering C"
"19700194012",0,0.8208955223880597,"Journal of Renewable and Sustainable Energy"
"4000151907",0,0.8148148148148148,"Journal of the Royal Society, Interface / the Royal Society"
"19900191866",0,0.8,"Translational psychiatry"
"17200154707",0,0.8,"Journal of Electrical Engineering and Technology"
"17300154988",0,0.8,"BioData Mining"
"24600",0,0.8,"Computers and Chemical Engineering"
"21100225611",0,0.8,"Advanced Healthcare Materials"
"21100239262",0,0.8,"Sustainable Energy Technologies and Assessments"
"21100199812",0,0.8,"Frontiers in Neuroscience"
"26446",0,0.8,"Polymer Journal"
"13507",0,0.8,"International Journal of Climatology"
"27724",0,0.8,"IEEE Transactions on Computer-Aided Design of Integrated Circuits and Systems"
"145703",0,0.8,"Molecular BioSystems"
"16688",0,0.8,"Journal of cognitive neuroscience"
"21100338355",0,0.8,"IEEE Journal of the Electron Devices Society"
"16765",0,0.8,"Journal of Neuroscience Methods"
"14428",0,0.8,"Journal of the Mechanics and Physics of Solids"
"29717",0,0.8,"Guangxue Xuebao/Acta Optica Sinica"
"4900152803",0,0.8,"Journal of Systems Science and Complexity"
"24254",0,0.8,"IEEE Transactions on Pattern Analysis and Machine Intelligence"
"56190",0,0.8,"Proceedings - IEEE International Symposium on Circuits and Systems"
"21100212301",0,0.8,"Proceedings of the Annual Conference of the International Speech Communication Association, INTERSPEECH"
"26584",0,0.8,"Chemical Physics"
"28379",0,0.8,"Scripta Materialia"
"4700151730",0,0.8,"International Journal of Green Energy"
"17985",0,0.7941176470588235,"International Journal of Electrical Power and Energy Systems"
"20500",0,0.7857142857142857,"Bulletin of Materials Science"
"28545",0,0.7857142857142857,"Journal of Nanoparticle Research"
"40067",0,0.7844036697247706,"Proceedings of SPIE - The International Society for Optical Engineering"
"22716",0,0.7777777777777778,"Australian Journal of Chemistry"
"14859",0,0.7777777777777778,"Biophysical Journal"
"5800173381",0,0.7777777777777778,"International Journal of Distributed Sensor Networks"
"21100201068",0,0.7777777777777778,"Cell Reports"
"29718",0,0.7777777777777778,"Guangzi Xuebao/Acta Photonica Sinica"
"19065",0,0.7777777777777778,"Traffic"
"20571",0,0.7777777777777778,"Theoretical Computer Science"
"18009",0,0.7777777777777778,"Neuropsychologia"
"21100374601",0,0.7777777777777778,"IEEE Access"
"17945",0,0.7741935483870968,"Bioinformatics (Oxford, England)"
"24711",0,0.7692307692307693,"Molecular Crystals and Liquid Crystals"
"27277",0,0.7692307692307693,"Journal of Network and Computer Applications"
"29068",0,0.7692307692307693,"Nuclear Instruments and Methods in Physics Research, Section B: Beam Interactions with Materials and Atoms"
"15437",0,0.7692307692307693,"Biosensors and Bioelectronics"
"26936",0,0.7692307692307693,"Acta Physica Polonica A"
"28134",0,0.7666666666666667,"The Journal of chemical physics"
"17797",0,0.7647058823529411,"Materials and Design"
"145234",0,0.7619047619047619,"Device Research Conference - Conference Digest, DRC"
"17391",0,0.76,"IEEE Transactions on Signal Processing"
"12400154717",0,0.75,"Jiaotong Yunshu Xitong Gongcheng Yu Xinxi/ Journal of Transportation Systems Engineering and Information Technology"
"26020",0,0.75,"Digest of Technical Papers - IEEE International Solid-State Circuits Conference"
"4700152261",0,0.75,"International Journal of Materials Research"
"5300152529",0,0.75,"Journal of the Korean Ceramic Society"
"14398",0,0.75,"International Journal of Solids and Structures"
"23054",0,0.75,"ACM Transactions on Modeling and Computer Simulation"
"21100201522",0,0.75,"Indian Journal of Science and Technology"
"19700201211",0,0.75,"Cell Death and Disease"
"26811",0,0.75,"Computer Networks"
"24773",0,0.75,"Mendeleev Communications"
"20893",0,0.75,"Transportation Research Part C: Emerging Technologies"
"16831",0,0.75,"Biochimica et Biophysica Acta - Molecular and Cell Biology of Lipids"
"18894",0,0.75,"IEEE Antennas and Wireless Propagation Letters"
"21100218506",0,0.75,"ACS Synthetic Biology"
"27871",0,0.75,"Concurrency Computation Practice and Experience"
"21100238651",0,0.75,"IEEE Radio and Wireless Symposium, RWS"
"19800188022",0,0.75,"IEEE Transactions on Terahertz Science and Technology"
"25987",0,0.75,"Social Networks"
"26665",0,0.75,"Canadian Conference on Electrical and Computer Engineering"
"21100204111",0,0.75,"Smart Innovation, Systems and Technologies"
"27854",0,0.75,"Transactions of Nonferrous Metals Society of China (English Edition)"
"19001",0,0.75,"Omics : a journal of integrative biology"
"12250",0,0.75,"Microwave and Optical Technology Letters"
"21182",0,0.75,"Journal of Porous Materials"
"15579",0,0.75,"Current Opinion in Biotechnology"
"19014",0,0.75,"Nature Cell Biology"
"24657",0,0.75,"Chemosphere"
"16791",0,0.75,"Biochimica et Biophysica Acta - Bioenergetics"
"75113",0,0.75,"IEEE Aerospace Conference Proceedings"
"5900153313",0,0.75,"Journal of Korean Institute of Metals and Materials"
"24072",0,0.75,"Microchimica Acta"
"29467",0,0.75,"Hydrological Processes"
"21100496968",0,0.75,"31st International Conference on Machine Learning, ICML 2014"
"25270",0,0.75,"Inorganica Chimica Acta"
"6600153204",0,0.75,"Brain Structure and Function"
"30867",0,0.75,"TrAC - Trends in Analytical Chemistry"
"21100432452",0,0.7419354838709677,"Materials Research Express"
"25879",0,0.7368421052631579,"International journal of molecular sciences"
"27432",0,0.7352941176470589,"Chinese Physics Letters"
"21100199777",0,0.7272727272727273,"IEEE Transactions on Components, Packaging and Manufacturing Technology"
"12316",0,0.7272727272727273,"Optical Engineering"
"28546",0,0.7272727272727273,"Journal of nanoscience and nanotechnology"
"20600195623",0,0.7272727272727273,"IEEE Power and Energy Society General Meeting"
"19210",0,0.7272727272727273,"Journal of Experimental Botany"
"21100236803",0,0.7222222222222222,"Frontiers in Genetics"
"21537",0,0.7222222222222222,"Environmental Science and Technology"
"4000151809",0,0.7142857142857143,"PLoS pathogens"
"21100217234",0,0.7142857142857143,"International Journal of Applied Engineering Research"
"13900154734",0,0.7142857142857143,"Journal of the Taiwan Institute of Chemical Engineers"
"21100456158",0,0.7142857142857143,"IFAC-PapersOnLine"
"9500153939",0,0.7142857142857143,"Microelectronics Journal"
"19700175055",0,0.7142857142857143,"International Journal of ChemTech Research"
"16413",0,0.7142857142857143,"Chemical Engineering Science"
"19400157504",0,0.7142857142857143,"IJCAI International Joint Conference on Artificial Intelligence"
"130030",0,0.7142857142857143,"Proceedings of the Royal Society B: Biological Sciences"
"24057",0,0.7142857142857143,"Gaodeng Xuexiao Huaxue Xuebao/Chemical Journal of Chinese Universities"
"28637",0,0.7068965517241379,"Journal of the Korean Physical Society"
"13082",0,0.7058823529411765,"Mathematical Problems in Engineering"
"16377",0,0.7058823529411765,"Catalysis Today"
"23773",0,0.7058823529411765,"Wuli Huaxue Xuebao/ Acta Physico - Chimica Sinica"
"15045",0,0.7,"Conference Record - IEEE Instrumentation and Measurement Technology Conference"
"19700188403",0,0.7,"mBio"
"19700170610",0,0.7,"IEEE Transactions on Smart Grid"
"17700156413",0,0.7,"Dianli Xitong Baohu yu Kongzhi/Power System Protection and Control"
"19700182801",0,0.6956521739130435,"Procedia Computer Science"
"4000151808",0,0.6956521739130435,"PLoS genetics"
"14151",0,0.6923076923076923,"Molecular & cellular proteomics : MCP"
"13717",0,0.6923076923076923,"Powder Technology"
"28567",0,0.6875,"Journal of Physics Condensed Matter"
"19700190315",0,0.6842105263157895,"Beilstein Journal of Nanotechnology"
"29118",0,0.6818181818181818,"Physica B: Condensed Matter"
"25674",0,0.6682464454976303,"Lecture Notes in Computer Science (including subseries Lecture Notes in Artificial Intelligence and Lecture Notes in Bioinformatics)"
"24082",0,0.6666666666666666,"Progress in Chemistry"
"19600164700",0,0.6666666666666666,"Journal of Chemical Sciences"
"24152",0,0.6666666666666666,"Jiegou Huaxue"
"16392",0,0.6666666666666666,"Chemical Engineering and Processing: Process Intensification"
"21933",0,0.6666666666666666,"Decision Support Systems"
"26964",0,0.6666666666666666,"Journal of Molecular Catalysis A: Chemical"
"16721",0,0.6666666666666666,"Annual Review of Plant Biology"
"21100230800",0,0.6666666666666666,"Journal of Communications"
"12216",0,0.6666666666666666,"Molecular biology and evolution"
"24176",0,0.6666666666666666,"Journal of Computational Chemistry"
"6100152803",0,0.6666666666666666,"Micro and Nano Letters"
"26738",0,0.6666666666666666,"Microsystem Technologies"
"25891",0,0.6666666666666666,"Journal of Macromolecular Science, Part A: Pure and Applied Chemistry"
"15597",0,0.6666666666666666,"Yi Qi Yi Biao Xue Bao/Chinese Journal of Scientific Instrument"
"15107",0,0.6666666666666666,"IEEE Transactions on Information Theory"
"19600157322",0,0.6666666666666666,"Journal of Cheminformatics"
"39140",0,0.6666666666666666,"Proceedings - Electronic Components and Technology Conference"
"24621",0,0.6666666666666666,"Journal of Molecular Graphics and Modelling"
"21100389313",0,0.6666666666666666,"Transactions on Emerging Telecommunications Technologies"
"5800173377",0,0.6666666666666666,"ACM Transactions on Knowledge Discovery from Data"
"21116",0,0.6666666666666666,"International Journal of Non-Linear Mechanics"
"17401",0,0.6666666666666666,"Current Protein and Peptide Science"
"4500151514",0,0.6666666666666666,"Energy Sources, Part A: Recovery, Utilization and Environmental Effects"
"16766",0,0.6666666666666666,"Journal of Neuroscience Research"
"17569",0,0.6666666666666666,"Wireless Networks"
"17360",0,0.6666666666666666,"IEEE Transactions on Geoscience and Remote Sensing"
"130000",0,0.6666666666666666,"Journal of Chromatography A"
"21100198201",0,0.6666666666666666,"Journal of Engineering Science and Technology Review"
"28472",0,0.6666666666666666,"Fractals"
"3400148107",0,0.6666666666666666,"ECS Transactions"
"26884",0,0.6666666666666666,"Current Opinion in Colloid and Interface Science"
"25349",0,0.6666666666666666,"Science of the Total Environment"
"17542",0,0.6666666666666666,"International Journal of Biochemistry and Cell Biology"
"7200153172",0,0.6666666666666666,"Korean Journal of Materials Research"
"19700200831",0,0.6666666666666666,"IOP Conference Series: Materials Science and Engineering"
"26405",0,0.6666666666666666,"SIAM Journal on Control and Optimization"
"11200153519",0,0.6666666666666666,"Express Polymer Letters"
"22080",0,0.6666666666666666,"Current Opinion in Genetics and Development"
"13321",0,0.6666666666666666,"Journal of Solar Energy Engineering, Transactions of the ASME"
"130022",0,0.6666666666666666,"Progress in Biomedical Optics and Imaging - Proceedings of SPIE"
"12342",0,0.6666666666666666,"International Journal of Control"
"21100258853",0,0.6666666666666666,"F1000Research"
"21100275443",0,0.6666666666666666,"Frontiers in Oncology"
"144854",0,0.6666666666666666,"Proceedings of the International Conference on Microelectronics, ICM"
"13695",0,0.6666666666666666,"Polymer Engineering and Science"
"12503",0,0.6666666666666666,"Remote Sensing of Environment"
"22367",0,0.6666666666666666,"Progress in Natural Science: Materials International"
"62499",0,0.6666666666666666,"Nongye Gongcheng Xuebao/Transactions of the Chinese Society of Agricultural Engineering"
"24680",0,0.6666666666666666,"Diamond and Related Materials"
"19700201416",0,0.6666666666666666,"Frontiers of Physics"
"28499",0,0.6666666666666666,"Journal of Combinatorial Optimization"
"17700155007",0,0.6666666666666666,"Communications in Computer and Information Science"
"16620",0,0.6666666666666666,"Plant Science"
"21482",0,0.6666666666666666,"Environmental monitoring and assessment"
"19700175229",0,0.6666666666666666,"Analytical Methods"
"25865",0,0.6666666666666666,"High Performance Polymers"
"20983",0,0.6666666666666666,"Journal of Micromechanics and Microengineering"
"12966",0,0.6666666666666666,"Chinese Journal of Physics"
"87828",0,0.6666666666666666,"International Journal of Heat and Technology"
"25076",0,0.6666666666666666,"Ecotoxicology and environmental safety"
"110327",0,0.6666666666666666,"Computers and Geosciences"
"21100275520",0,0.6666666666666666,"IEEE International Conference on Emerging Technologies and Factory Automation, ETFA"
"28574",0,0.6666666666666666,"Journal of Statistical Physics"
"17622",0,0.6428571428571429,"Journal of photochemistry and photobiology. B, Biology"
"21100229202",0,0.6428571428571429,"Journal of Materials Chemistry B"
"17924",0,0.6363636363636364,"Current Opinion in Plant Biology"
"25899",0,0.625,"Journal of Photopolymer Science and Technology"
"18692",0,0.625,"Proceedings of the American Control Conference"
"19019",0,0.625,"Plant and Cell Physiology"
"26947",0,0.625,"Journal of Catalysis"
"21548",0,0.625,"Journal of the European Ceramic Society"
"24064",0,0.625,"Journal of Supercritical Fluids"
"27514",0,0.625,"Antioxidants and Redox Signaling"
"19913",0,0.625,"Ruan Jian Xue Bao/Journal of Software"
"18854",0,0.6153846153846154,"Water Resources Research"
"17592",0,0.6129032258064516,"Journal of Biological Chemistry"
"23295",0,0.6,"Environmental Modelling and Software"
"14536",0,0.6,"Developmental Biology"
"4600151509",0,0.6,"Proceedings - International Conference on Advanced Information Networking and Applications, AINA"
"21100223585",0,0.6,"Journal of Materials and Environmental Science"
"21100218356",0,0.6,"CEUR Workshop Proceedings"
"12512",0,0.6,"Journal of Management in Engineering"
"20298",0,0.6,"Molecular Microbiology"
"20292",0,0.6,"Ecological Indicators"
"21100255400",0,0.6,"Water (Switzerland)"
"26075",0,0.6,"IEICE Transactions on Electronics"
"14944",0,0.6,"Antonie van Leeuwenhoek, International Journal of General and Molecular Microbiology"
"15636",0,0.6,"Gene"
"21100338359",0,0.6,"IEEE Journal of Emerging and Selected Topics in Power Electronics"
"144782",0,0.6,"e-Journal of Surface Science and Nanotechnology"
"23775",0,0.6,"Zeitschrift fur Physikalische Chemie"
"12372",0,0.6,"Acta Astronautica"
"21100242624",0,0.6,"Complex Systems and Complexity Science"
"14292",0,0.6,"Separation and Purification Technology"
"21160",0,0.6,"Journal of Materials Engineering and Performance"
"28200",0,0.6,"Biomaterials"
"18853",0,0.5833333333333334,"Water Resources Management"
"11500153404",0,0.5833333333333334,"Chinese Physics B"
"24642",0,0.5833333333333334,"Journal of Molecular Structure"
"15530",0,0.5833333333333334,"Dianwang Jishu/Power System Technology"
"18700156717",0,0.5806451612903226,"Procedia Engineering"
"19700175164",0,0.5789473684210527,"OrderedDict([(u'@xfab-added', u'true'), ('#text', u'Frontiers in Human Neuroscience')])"
"21100305259",0,0.5714285714285714,"Solid State Phenomena"
"23911",0,0.5714285714285714,"Analytica Chimica Acta"
"26131",0,0.5714285714285714,"Jisuanji Xuebao/Chinese Journal of Computers"
"21100397403",0,0.5714285714285714,"EPJ Data Science"
"24537",0,0.5675675675675675,"Surface and Coatings Technology"
"23475",0,0.5555555555555556,"Journal of neurophysiology"
"22010",0,0.5555555555555556,"Zeitschrift fur Anorganische und Allgemeine Chemie"
"130124",0,0.5555555555555556,"Sensors (Basel, Switzerland)"
"19400158637",0,0.5555555555555556,"Silicon"
"16101",0,0.5555555555555556,"Human Brain Mapping"
"17600155058",0,0.5555555555555556,"Journal of Semiconductor Technology and Science"
"17964",0,0.5555555555555556,"International Journal of Communication Systems"
"25038",0,0.5555555555555556,"IEEE Transactions on Mobile Computing"
"28428",0,0.55,"Journal of Geophysical Research A: Space Physics"
"24646",0,0.5454545454545454,"Journal of Porphyrins and Phthalocyanines"
"29685",0,0.5454545454545454,"Guangdianzi Jiguang/Journal of Optoelectronics Laser"
"17811",0,0.5454545454545454,"Materials Science and Engineering A"
"19400157163",0,0.5384615384615384,"IFIP Advances in Information and Communication Technology"
"110486",0,0.5,"Journal of Wind Engineering and Industrial Aerodynamics"
"14131",0,0.5,"Methods in Enzymology"
"21726",0,0.5,"BMC Genetics"
"18705",0,0.5,"Proceedings - International Computer Software and Applications Conference"
"13831",0,0.5,"Chinese Journal of Aeronautics"
"5000153105",0,0.5,"Understanding Complex Systems"
"29610",0,0.5,"Journal of mathematical biology"
"110544",0,0.5,"ICASSP, IEEE International Conference on Acoustics, Speech and Signal Processing - Proceedings"
"24701",0,0.5,"Journal of Chemical Crystallography"
"16711",0,0.5,"Annals of botany"
"26149",0,0.5,"International Journal of High Speed Electronics and Systems"
"20888",0,0.5,"Virus Research"
"21100255701",0,0.5,"Proceedings of the International Astronautical Congress, IAC"
"21552",0,0.5,"Environmental Technology (United Kingdom)"
"29374",0,0.5,"Energy Economics"
"21100427192",0,0.5,"Acta Crystallographica Section E: Crystallographic Communications"
"18936",0,0.5,"IEICE Transactions on Communications"
"9500153913",0,0.5,"Archives of Metallurgy and Materials"
"18158",0,0.5,"Computer Methods in Applied Mechanics and Engineering"
"18159",0,0.5,"Computers and Electrical Engineering"
"24554",0,0.5,"Water, Air, and Soil Pollution"
"21100239259",0,0.5,"SAE Technical Papers"
"19353",0,0.5,"Schizophrenia bulletin"
"20891",0,0.5,"Transportation Research Part A: Policy and Practice"
"24172",0,0.5,"Journal of Chromatography B: Analytical Technologies in the Biomedical and Life Sciences"
"18457",0,0.5,"Cell Death and Differentiation"
"15110",0,0.5,"Agriculture, Ecosystems and Environment"
"25897",0,0.5,"Journal of Organometallic Chemistry"
"5100155103",0,0.5,"Journal of Informetrics"
"23675",0,0.5,"Artificial Intelligence"
"23674",0,0.5,"Applied Intelligence"
"3200147819",0,0.5,"Pervasive and Mobile Computing"
"28066",0,0.5,"Dili Xuebao/Acta Geographica Sinica"
"19165",0,0.5,"International Journal of Production Economics"
"21100370037",0,0.5,"Materials Today: Proceedings"
"18374",0,0.5,"Surface Review and Letters"
"21100416121",0,0.5,"Nature Plants"
"21100368801",0,0.5,"IEEE/ACM Transactions on Audio Speech and Language Processing"
"28245",0,0.5,"Solar Physics"
"19700188418",0,0.5,"Annual Review of Chemical and Biomolecular Engineering"
"23393",0,0.5,"Journal of environmental sciences (China)"
"12305",0,0.5,"Information Systems"
"24361",0,0.5,"Journal of Intelligent Information Systems"
"23127",0,0.5,"Journal of the ACM"
"24290",0,0.5,"Dianzi Yu Xinxi Xuebao/Journal of Electronics and Information Technology"
"21100232417",0,0.5,"G3: Genes, Genomes, Genetics"
"28898",0,0.5,"Computers and Security"
"22746",0,0.5,"Catalysis Communications"
"12914",0,0.5,"Xitong Gongcheng Lilun yu Shijian/System Engineering Theory and Practice"
"24355",0,0.5,"Computers and Operations Research"
"26983",0,0.5,"Journal of Thermal Analysis and Calorimetry"
"21100316035",0,0.5,"Biology"
"5300152722",0,0.5,"Smart Structures and Systems"
"3300147809",0,0.5,"Acta Biomaterialia"
"21523",0,0.5,"Russian Journal of Coordination Chemistry/Koordinatsionnaya Khimiya"
"21100200825",0,0.5,"ARPN Journal of Engineering and Applied Sciences"
"15300154849",0,0.5,"Philosophical Magazine"
"144945",0,0.5,"Networks and Spatial Economics"
"12100154407",0,0.5,"International Review of Cell and Molecular Biology"
"26887",0,0.5,"Drying Technology"
"25858",0,0.5,"Journal of Hazardous Materials"
"21100283376",0,0.5,"International Conference of Young Specialists on Micro/Nanotechnologies and Electron Devices, EDM"
"27306",0,0.5,"Mobile Networks and Applications"
"21100208308",0,0.5,"E-Journal of Chemistry"
"21445",0,0.5,"Polymer Bulletin"
"14569",0,0.5,"Tehnicki Vjesnik"
"28623",0,0.5,"Combustion and Flame"
"22570",0,0.5,"Cardiovascular Research"
"19462",0,0.5,"Shiyou Xuebao/Acta Petrolei Sinica"
"17544",0,0.5,"International journal of biological macromolecules"
"20949",0,0.5,"Journal of Applied Mechanics, Transactions ASME"
"21100293700",0,0.5,"Journal of Engineering Research"
"17932",0,0.5,"Integration, the VLSI Journal"
"8000153139",0,0.5,"Journal of the Mechanical Behavior of Biomedical Materials"
"18300156728",0,0.5,"IEEE Transactions on Services Computing"
"21100404576",0,0.5,"2D Materials"
"25801",0,0.5,"Carbohydrate Polymers"
"26206",0,0.5,"Molecular and Cellular Endocrinology"
"12091",0,0.5,"Atmospheric Chemistry and Physics"
"4000148503",0,0.5,"International Journal of Environmental Science and Technology"
"24309",0,0.5,"International Journal of Neural Systems"
"15759",0,0.5,"Journal of Aerosol Science"
"13762",0,0.5,"International Journal of Thermophysics"
"12196",0,0.5,"Methods in molecular biology (Clifton, N.J.)"
"13571",0,0.5,"Journal of Polymer Engineering"
"5300152234",0,0.5,"Journal of the Iranian Chemical Society"
"29539",0,0.5,"Journal of Hydrometeorology"
"23882",0,0.5,"Journal of molecular and cellular cardiology"
"22206",0,0.5,"Natural Computing"
"19559",0,0.5,"Natural Gas Industry"
"14704",0,0.5,"Technological Forecasting and Social Change"
"17278",0,0.5,"IEEE Journal of Solid-State Circuits"
"13034",0,0.5,"JVC/Journal of Vibration and Control"
"3300147407",0,0.5,"IEEJ Transactions on Power and Energy"
"23180",0,0.5,"Food Research International"
"24432",0,0.5,"Journal of Structural Geology"
"21100212316",0,0.5,"Frontiers in Neurology"
"20682",0,0.5,"Current pharmaceutical design"
"12394",0,0.5,"Nature Structural and Molecular Biology"
"21100240100",0,0.5,"Sustainability (Switzerland)"
"26901",0,0.5,"Acta Polymerica Sinica"
"21100197912",0,0.5,"International Journal of Control and Automation"
"13042",0,0.5,"Plant Molecular Biology"
"21100220348",0,0.5,"Lecture Notes of the Institute for Computer Sciences, Social-Informatics and Telecommunications Engineering, LNICST"
"4700152855",0,0.5,"Journal of Inorganic and Organometallic Polymers and Materials"
"144889",0,0.5,"Journal of Intelligent Transportation Systems: Technology, Planning, and Operations"
"14414",0,0.5,"Journal of Process Control"
"26761",0,0.5,"Advances in experimental medicine and biology"
"11200153521",0,0.48148148148148145,"Faguang Xuebao/Chinese Journal of Luminescence"
"18556",0,0.47058823529411764,"Journal of Cell Science"
"19700186885",0,0.45454545454545453,"Nanoscience and Nanotechnology Letters"
"18500166400",0,0.45161290322580644,"Journal of Nanoelectronics and Optoelectronics"
"5400152713",0,0.4444444444444444,"IET Generation, Transmission and Distribution"
"21100817528",0,0.4444444444444444,"Energy Science and Engineering"
"28698",0,0.4375,"Materials Research Society Symposium Proceedings"
"21429",0,0.42857142857142855,"Photochemical and Photobiological Sciences"
"145556",0,0.42857142857142855,"International Journal of Sustainable Energy"
"19700186822",0,0.42857142857142855,"Lecture Notes in Electrical Engineering"
"22126",0,0.42857142857142855,"Genes and Development"
"98028",0,0.42857142857142855,"Journal of Biomedical Materials Research - Part A"
"19700181218",0,0.42857142857142855,"IEEE Latin America Transactions"
"16594",0,0.4166666666666667,"The Plant cell"
"24800",0,0.4166666666666667,"Neural Computing and Applications"
"18700",0,0.4,"Przeglad Elektrotechniczny"
"145691",0,0.4,"Soft Matter"
"96594",0,0.4,"Huagong Xuebao/Journal of Chemical Industry and Engineering (China)"
"17989",0,0.4,"Proceedings of the IEEE International Conference on Micro Electro Mechanical Systems (MEMS)"
"24599",0,0.4,"Computational Biology and Chemistry"
"17963",0,0.4,"International Journal of Circuit Theory and Applications"
"19700175115",0,0.4,"Frontiers in Systems Neuroscience"
"19900192567",0,0.4,"Transactions on Electrical and Electronic Materials"
"21999",0,0.4,"Vibrational Spectroscopy"
"18200",0,0.4,"International Journal of Numerical Modelling: Electronic Networks, Devices and Fields"
"19600161832",0,0.4,"Science China Information Sciences"
"23979",0,0.4,"Electroanalysis"
"25810",0,0.4,"Cellulose"
"146172",0,0.4,"Cell Metabolism"
"29686",0,0.4,"Guang Pu Xue Yu Guang Pu Fen Xi/Spectroscopy and Spectral Analysis"
"23792",0,0.4,"Computer Journal"
"21140",0,0.4,"Journal of Composite Materials"
"28554",0,0.4,"Soft Computing"
"14283",0,0.4,"Proteins: Structure, Function and Bioinformatics"
"13951",0,0.4,"Arabian Journal for Science and Engineering"
"21100243809",0,0.38461538461538464,"Procedia CIRP"
"26750",0,0.38461538461538464,"Astronomy and Astrophysics"
"15141",0,0.375,"Xi Tong Gong Cheng Yu Dian Zi Ji Shu/Systems Engineering and Electronics"
"26590",0,0.375,"Colloids and Surfaces B: Biointerfaces"
"19700175163",0,0.375,"Frontiers in Cellular Neuroscience"
"16794",0,0.36363636363636365,"BMC plant biology"
"15423",0,0.36363636363636365,"Bioresource technology"
"18455",0,0.3333333333333333,"Cell cycle (Georgetown, Tex.)"
"19200156941",0,0.3333333333333333,"Digest Journal of Nanomaterials and Biostructures"
"20250",0,0.3333333333333333,"Journal of Virology"
"15800154704",0,0.3333333333333333,"Cancer Prevention Research"
"5400152706",0,0.3333333333333333,"Nanotoxicology"
"14300154706",0,0.3333333333333333,"Peer-to-Peer Networking and Applications"
"16689",0,0.3333333333333333,"Journal of Comparative Neurology"
"17618",0,0.3333333333333333,"Journal of Molecular Biology"
"24972",0,0.3333333333333333,"ACM Transactions on Graphics"
"28462",0,0.3333333333333333,"Surface Engineering"
"14308",0,0.3333333333333333,"Biological Psychiatry"
"13794",0,0.3333333333333333,"BioSystems"
"24825",0,0.3333333333333333,"Pattern Recognition Letters"
"34441",0,0.3333333333333333,"BMC complementary and alternative medicine"
"26099",0,0.3333333333333333,"Information Fusion"
"24907",0,0.3333333333333333,"Distributed Computing"
"21536",0,0.3333333333333333,"Environmental Science and Policy"
"27474",0,0.3333333333333333,"Annals of Biomedical Engineering"
"4900152808",0,0.3333333333333333,"Journal of Instrumentation"
"19600166401",0,0.3333333333333333,"Science China: Physics, Mechanics and Astronomy"
"21100792109",0,0.3333333333333333,"Procedia Manufacturing"
"17931",0,0.3333333333333333,"Integrated Ferroelectrics"
"7600153125",0,0.3333333333333333,"Proceedings - IEEE International Conference on Data Mining, ICDM"
"12507",0,0.3333333333333333,"Aerospace Science and Technology"
"22092",0,0.3333333333333333,"Thermal Engineering (English translation of Teploenergetika)"
"25258",0,0.3333333333333333,"Kuei Suan Jen Hsueh Pao/ Journal of the Chinese Ceramic Society"
"14346",0,0.3333333333333333,"Brain Research"
"144737",0,0.3333333333333333,"Russian Physics Journal"
"82000",0,0.3333333333333333,"International Geoscience and Remote Sensing Symposium (IGARSS)"
"7700153224",0,0.3333333333333333,"Sains Malaysiana"
"21492",0,0.3333333333333333,"Research on Chemical Intermediates"
"14352",0,0.3333333333333333,"Brain Topography"
"19700175165",0,0.3333333333333333,"Frontiers in neural circuits"
"17700155805",0,0.3333333333333333,"KSII Transactions on Internet and Information Systems"
"13559",0,0.3333333333333333,"Journal of Loss Prevention in the Process Industries"
"29221",0,0.3333333333333333,"Physics of Plasmas"
"21100206004",0,0.3333333333333333,"Journal of Ovonic Research"
"15477",0,0.3333333333333333,"Biotechnology and Bioengineering"
"21100316073",0,0.3125,"Acta Crystallographica Section C: Structural Chemistry"
"17625",0,0.3,"Journal of Proteome Research"
"110567",0,0.2857142857142857,"IEEE International Symposium on Information Theory - Proceedings"
"25621",0,0.2857142857142857,"Journal of Parallel and Distributed Computing"
"16031",0,0.2857142857142857,"Electric Power Components and Systems"
"20300195064",0,0.2857142857142857,"International Conference on Transparent Optical Networks"
"13349",0,0.2857142857142857,"Taiyangneng Xuebao/Acta Energiae Solaris Sinica"
"21100215107",0,0.2727272727272727,"Frontiers in Physiology"
"16615",0,0.2727272727272727,"Plant Physiology"
"20536",0,0.26666666666666666,"Materials Research Innovations"
"145755",0,0.25,"Proceedings of the Annual Hawaii International Conference on System Sciences"
"66344",0,0.25,"Chinese Optics Letters"
"28218",0,0.25,"Monthly Notices of the Royal Astronomical Society"
"22703",0,0.25,"Asian Journal of Chemistry"
"21100201906",0,0.25,"International Conference on Information Networking"
"40944",0,0.25,"Genome biology"
"14464",0,0.25,"Polymer Testing"
"25569",0,0.25,"Analog Integrated Circuits and Signal Processing"
"24288",0,0.25,"Tien Tzu Hsueh Pao/Acta Electronica Sinica"
"21100218002",0,0.25,"Lecture Notes in Engineering and Computer Science"
"25023",0,0.25,"Computer Graphics Forum"
"89124",0,0.25,"Proceedings of the International Symposium on Mobile Ad Hoc Networking and Computing (MobiHoc)"
"21100255109",0,0.25,"Frontiers in cellular and infection microbiology"
"14433",0,0.25,"Polymer Composites"
"34587",0,0.25,"International Journal of Polymeric Materials and Polymeric Biomaterials"
"20435",0,0.25,"Neuropharmacology"
"19700175166",0,0.25,"Frontiers in Behavioral Neuroscience"
"4700152612",0,0.25,"Current Nanoscience"
"33201",0,0.25,"Conference Record - International Conference on Communications"
"26799",0,0.23076923076923078,"Ad Hoc Networks"
"25566",0,0.2222222222222222,"Zidonghua Xuebao/ Acta Automatica Sinica"
"22679",0,0.2,"Jisuanji Jicheng Zhizao Xitong/Computer Integrated Manufacturing Systems, CIMS"
"23371",0,0.2,"Journal of Environmental Management"
"17600155202",0,0.2,"Journal of Nano Research"
"18164",0,0.2,"Computers and Industrial Engineering"
"21100228702",0,0.2,"Chinese Control Conference, CCC"
"26530",0,0.2,"Chinese Journal of Organic Chemistry"
"21275",0,0.2,"Journal of Immunology"
"12189",0,0.2,"Simulation Modelling Practice and Theory"
"89358",0,0.2,"Proceedings of the ACM Symposium on Applied Computing"
"27947",0,0.16666666666666666,"Geophysical Journal International"
"19683",0,0.16666666666666666,"Environmental microbiology"
"14150",0,0.16666666666666666,"Molecular and Cellular Biology"
"11700154733",0,0.16666666666666666,"Journal of Biomedical Nanotechnology"
"28031",0,0.16666666666666666,"IEEE Transactions on Plasma Science"
"21153",0,0.16666666666666666,"Discrete Dynamics in Nature and Society"
"16845",0,0.16666666666666666,"Biochemical and Biophysical Research Communications"
"26714",0,0.14285714285714285,"Jisuanji Yanjiu yu Fazhan/Computer Research and Development"
"20725",0,0.13333333333333333,"Wireless Personal Communications"
"23917",0,0.1111111111111111,"Journal of Intelligent and Fuzzy Systems"
"145208",0,0.0,"Indian Journal of Physics"
"26372",0,0.0,"Risk Analysis"
"21107",0,0.0,"International Journal of Fracture"
"26026",0,0.0,"IEEE Transactions on Applied Superconductivity"
"21724",0,0.0,"BMC evolutionary biology"
"21100235612",0,0.0,"International Journal of Technology"
"6200180165",0,0.0,"Signal, Image and Video Processing"
"18707",0,0.0,"Proceedings - International Symposium on Computers and Communications"
"29587",0,0.0,"Journal of Propulsion and Power"
"29589",0,0.0,"Journal of Spacecraft and Rockets"
"21100244929",0,0.0,"Leibniz International Proceedings in Informatics, LIPIcs"
"21100228018",0,0.0,"International Journal of Disaster Risk Reduction"
"22674",0,0.0,"International Journal of Remote Sensing"
"32791",0,0.0,"Industrial Crops and Products"
"22704",0,0.0,"Ambio"
"22701",0,0.0,"Applied Organometallic Chemistry"
"21100199742",0,0.0,"IEEE International Conference on Control and Automation, ICCA"
"21100201909",0,0.0,"Ecological Chemistry and Engineering S"
"5200152621",0,0.0,"Proceedings of the National Academy of Sciences India Section A - Physical Sciences"
"14272",0,0.0,"Stem Cells"
"21100199831",0,0.0,"Frontiers in Aging Neuroscience"
"29591",0,0.0,"Journal of the American Society for Mass Spectrometry"
"19900191871",0,0.0,"Conference Proceedings of the Society for Experimental Mechanics Series"
"14500",0,0.0,"Land Use Policy"
"5400152712",0,0.0,"IET Circuits, Devices and Systems"
"32816",0,0.0,"Neural plasticity"
"60241",0,0.0,"Advances in Electrical and Electronic Engineering"
"21100241220",0,0.0,"International Transactions on Electrical Energy Systems"
"17298",0,0.0,"Conference Record of the IEEE Photovoltaic Specialists Conference"
"22119",0,0.0,"Functional and Integrative Genomics"
"26046",0,0.0,"Journal of Circuits, Systems and Computers"
"21100305241",0,0.0,"World Journal of Engineering"
"21100284945",0,0.0,"Nanomaterials and Nanotechnology"
"86430",0,0.0,"Remote Sensing"
"18163",0,0.0,"Computers and Geotechnics"
"21100239264",0,0.0,"IEEE Control Systems"
"29903",0,0.0,"International Journal of Oncology"
"28728",0,0.0,"Anticancer Research"
"16646",0,0.0,"Planta"
"110368",0,0.0,"AIAA/IEEE Digital Avionics Systems Conference - Proceedings"
"17604",0,0.0,"Journal of Internet Technology"
"20862",0,0.0,"Trends in Microbiology"
"21100248806",0,0.0,"Metallography, Microstructure, and Analysis"
"20100195041",0,0.0,"IEEE Computer Society Conference on Computer Vision and Pattern Recognition Workshops"
"19400158709",0,0.0,"Arabian Journal of Chemistry"
"13089",0,0.0,"International Journal of Polymer Analysis and Characterization"
"26831",0,0.0,"Deep-Sea Research Part II: Topical Studies in Oceanography"
"18395",0,0.0,"Annual Review of Cell and Developmental Biology"
"14320",0,0.0,"Brain and Development"
"14816",0,0.0,"Trends in Biochemical Sciences"
"13866",0,0.0,"Experimental Eye Research"
"23061",0,0.0,"Journal of Pharmaceutical and Biomedical Analysis"
"10700153305",0,0.0,"Journal of Power Electronics"
"23710",0,0.0,"Journal of medical systems"
"24596",0,0.0,"Cluster Computing"
"25627",0,0.0,"Multimedia Tools and Applications"
"17617",0,0.0,"Journal of Lipid Research"
"19700187611",0,0.0,"International Journal on Smart Sensing and Intelligent Systems"
"16690",0,0.0,"Journal of Computational Neuroscience"
"5300152707",0,0.0,"Journal of Genetics and Genomics"
"19700174657",0,0.0,"Lithuanian Journal of Physics"
"12909",0,0.0,"Systems Research and Behavioral Science"
"15627",0,0.0,"Food and Bioproducts Processing"
"20297",0,0.0,"Molecular ecology"
"24562",0,0.0,"Mathematical Biosciences"
"29383",0,0.0,"Energy Exploration and Exploitation"
"28707",0,0.0,"Angiogenesis"
"29659",0,0.0,"Journal of Structural Biology"
"24580",0,0.0,"Animal Behaviour"
"16202",0,0.0,"International Review of Neurobiology"
"16592",0,0.0,"Plant biotechnology journal"
"21100316609",0,0.0,"Life Sciences in Space Research"
"20118",0,0.0,"Xinan Shiyou Daxue Xuebao/Journal of Southwest Petroleum University"
"21100450083",0,0.0,"EasternEuropean Journal of Enterprise Technologies"
"20594",0,0.0,"Engineering Fracture Mechanics"
"19582",0,0.0,"Studies in health technology and informatics"
"20300195061",0,0.0,"IEEE International Conference on Electro Information Technology"
"28261",0,0.0,"Space Science Reviews"
"21141",0,0.0,"Journal of Dynamic Systems, Measurement and Control, Transactions of the ASME"
"11700154702",0,0.0,"Biotechnology for Biofuels"
"28110",0,0.0,"BMC medical research methodology"
"25174",0,0.0,"Electrochemistry"
"22179",0,0.0,"Zhenkong Kexue yu Jishu Xuebao/Journal of Vacuum Science and Technology"
"23918",0,0.0,"Environmental science and pollution research international"
"19600166310",0,0.0,"EMBO Molecular Medicine"
"24823",0,0.0,"Pattern Recognition"
"16302",0,0.0,"Adsorption"
"19900192162",0,0.0,"Results in Physics"
"17773",0,0.0,"Mediators of Inflammation"
"19700201524",0,0.0,"Stem Cell Research and Therapy"
"12320",0,0.0,"Journal of the Optical Society of America A: Optics and Image Science, and Vision"
"20586",0,0.0,"Journal of Food Engineering"
"14953",0,0.0,"Proceedings of the IEEE International Conference on VLSI Design"
"17960",0,0.0,"International Journal of Adaptive Control and Signal Processing"
"19700175585",0,0.0,"Desalination and Water Treatment"
"29093",0,0.0,"Cancer Cell"
"11600154151",0,0.0,"NeuroQuantology"
"29708",0,0.0,"Harbin Gongye Daxue Xuebao/Journal of Harbin Institute of Technology"
"21100203113",0,0.0,"Comprehensive Physiology"
"21100247072",0,0.0,"Biomaterials Science"
"22162",0,0.0,"Genetic epidemiology"
"25522",0,0.0,"Tsinghua Science and Technology"
"26252",0,0.0,"Maritime Policy and Management"
"17425",0,0.0,"DNA Repair"
"27471",0,0.0,"Applied Geography"
"12886",0,0.0,"Cognitive Systems Research"
"5700191216",0,0.0,"Materiali in Tehnologije"
"31517",0,0.0,"IEEE Region 10 Annual International Conference, Proceedings/TENCON"
"21100841715",0,0.0,"AIMS Materials Science"
"16547",0,0.0,"Tourism Management"
"25756",0,0.0,"Zeitschrift fur Naturforschung - Section B Journal of Chemical Sciences"
"16890",0,0.0,"Bioelectrochemistry"
"24801",0,0.0,"Molecular Simulation"
"21100199112",0,0.0,"International Journal of Security and its Applications"
"25222",0,0.0,"Toxicology and Applied Pharmacology"
"19400158515",0,0.0,"Cognitive Computation"
"26138",0,0.0,"Parallel Computing"
"14155",0,0.0,"Molecular Genetics and Metabolism"
"21100228096",0,0.0,"International Journal of Polymer Science"
"13923",0,0.0,"Hippocampus"
"16083",0,0.0,"Journal of Chemical Technology and Biotechnology"
"22094",0,0.0,"Thin-Walled Structures"
"16339",0,0.0,"Metabolic Engineering"
"15703",0,0.0,"Knowledge and Information Systems"
"21225",0,0.0,"Materialpruefung/Materials Testing"
"20000195017",0,0.0,"Scientific Study and Research: Chemistry and Chemical Engineering, Biotechnology, Food Industry"
"6400153159",0,0.0,"Chemistry Central Journal"
"18532",0,0.0,"Experimental Cell Research"
"18452",0,0.0,"Cell Calcium"
"19700188347",0,0.0,"Journal of Aerospace Technology and Management"
"13002",0,0.0,"Heat Transfer Engineering"
"28339",0,0.0,"Ocean Engineering"
"19049",0,0.0,"Trends in Genetics"
"11500153308",0,0.0,"Recent Patents on Nanotechnology"
"19041",0,0.0,"Landscape and Urban Planning"
"22040",0,0.0,"Chemical Geology"
"12184",0,0.0,"Journal of Optical Technology (A Translation of Opticheskii Zhurnal)"
"19227",0,0.0,"Research in Developmental Disabilities"
"25240",0,0.0,"Toxicology Letters"
"20810",0,0.0,"Immunological Reviews"
"14171",0,0.0,"Theoretical and Applied Climatology"
"12981",0,0.0,"Kybernetes"
"13900",0,0.0,"Cell research"
"29143",0,0.0,"Physical Review A - Atomic, Molecular, and Optical Physics"
"28810",0,0.0,"Biomass and Bioenergy"
"22129",0,0.0,"Genes and Immunity"
"12400154723",0,0.0,"Mathematical Geosciences"
"12375",0,0.0,"Advances in Space Research"
"12378",0,0.0,"Key Engineering Materials"
"13482",0,0.0,"Monthly Weather Review"
"29203",0,0.0,"Physics in Medicine and Biology"
"21100326880",0,0.0,"Acta Crystallographica Section F:Structural Biology Communications"
"144684",0,0.0,"Proceedings - International Conference on Image Processing, ICIP"
"24515",0,0.0,"Separation Science and Technology (Philadelphia)"
"21100269013",0,0.0,"Nanophotonics"
"22116",0,0.0,"Tribology International"
"14100154713",0,0.0,"International Journal of Grid and Utility Computing"
"17700156304",0,0.0,"Journal of Sensors"
"11700154306",0,0.0,"Molecular Ecology Resources"
"27356",0,0.0,"Metallurgical and Materials Transactions A: Physical Metallurgy and Materials Science"
"25263",0,0.0,"Reviews on Environmental Health"
"17470",0,0.0,"Structural Safety"
"5200152703",0,0.0,"International Journal of Automation and Computing"
"17274",0,0.0,"IEEE International Symposium on Electromagnetic Compatibility"
"16874",0,0.0,"Biochimie"
"21100258382",0,0.0,"International Journal of Power Electronics and Drive Systems"
"58655",0,0.0,"Journal of Systems Engineering and Electronics"
"19900193870",0,0.0,"Frontiers in Energy"
"3300147409",0,0.0,"IEEJ Transactions on Industry Applications"
"12965",0,0.0,"Zeitschrift fur Naturforschung - Section A Journal of Physical Sciences"
"15461",0,0.0,"Biotechnology Advances"
"24501",0,0.0,"Computational Geosciences"
"34774",0,0.0,"Metallurgical and Materials Transactions B: Process Metallurgy and Materials Processing Science"
"21100248929",0,0.0,"International Archives of the Photogrammetry, Remote Sensing and Spatial Information Sciences - ISPRS Archives"
"3900148405",0,0.0,"Autophagy"
"27163",0,0.0,"Russian Microelectronics"
"25454",0,0.0,"Blood"
"5300152212",0,0.0,"IEEJ Transactions on Electrical and Electronic Engineering"
"24182",0,0.0,"Engineering Applications of Artificial Intelligence"
"24185",0,0.0,"Expert Systems"
"22911",0,0.0,"Malaria journal"
"24261",0,0.0,"Australasian Journal of Dermatology"
"21100307458",0,0.0,"Ecosphere"
"28579",0,0.0,"Pure and Applied Geophysics"
"13952",0,0.0,"Archive of Applied Mechanics"
"20428",0,0.0,"International Journal of Advanced Manufacturing Technology"
